geo,indicator,forecast_year,forecast_value,model_used
ATZZ,arrivals,2024,121745.336,Single
DKZZ,arrivals,2024,121745.336,Single
ESZZ,arrivals,2024,121745.336,Single
FR21,arrivals,2024,2.4720225e+06,Single
FR22,arrivals,2024,2.6633255e+06,Single
FR23,arrivals,2024,2.6668735e+06,Single
FR24,arrivals,2024,5.2843465e+06,Single
FR25,arrivals,2024,4.422859e+06,Single
FR26,arrivals,2024,4.683263e+06,Single
FR3,arrivals,2024,4.686756e+06,Single
FR30,arrivals,2024,4.686756e+06,Single
FR41,arrivals,2024,3.694789e+06,Single
FR42,arrivals,2024,4.9070525e+06,Single
FR43,arrivals,2024,2.022778e+06,Single
FR51,arrivals,2024,7.6257375e+06,Single
FR52,arrivals,2024,7.6318335e+06,Single
FR53,arrivals,2024,5.0712955e+06,Single
FR61,arrivals,2024,9.925879e+06,Single
FR62,arrivals,2024,6.9429715e+06,Single
FR63,arrivals,2024,1.3882448e+06,Single
FR71,arrivals,2024,1.8693658e+07,Single
FR72,arrivals,2024,3.2325498e+06,Single
FR81,arrivals,2024,9.067624e+06,Single
FR82,arrivals,2024,1.8959586e+07,Single
FR83,arrivals,2024,2.7523695e+06,Single
FRA1,arrivals,2024,395961.97,Single
FRA2,arrivals,2024,405989.03,Single
FRA3,arrivals,2024,137639.33,Single
FRA4,arrivals,2024,481687.06,Single
FRA5,arrivals,2024,121745.336,Single
FRZZ,arrivals,2024,121745.336,Single
HR04,arrivals,2024,2.6513885e+06,Single
HU10,arrivals,2024,4.979416e+06,Single
HUZZ,arrivals,2024,121745.336,Single
IE01,arrivals,2024,2.7374328e+06,Single
IE02,arrivals,2024,8.3118715e+06,Single
IS00,arrivals,2024,6.410423e+06,Single
ITZZ,arrivals,2024,121745.336,Single
LT00,arrivals,2024,3.3427305e+06,Single
MTZZ,arrivals,2024,121745.336,Single
NL31,arrivals,2024,2.0822658e+06,Single
NL33,arrivals,2024,6.624697e+06,Single
NLZZ,arrivals,2024,121745.336,Single
NOZZ,arrivals,2024,121745.336,Single
PL11,arrivals,2024,1.2323311e+06,Single
PL12,arrivals,2024,4.9627325e+06,Single
PL31,arrivals,2024,980788.1,Single
PL32,arrivals,2024,1.1661295e+06,Single
PL33,arrivals,2024,595528.75,Single
PL34,arrivals,2024,660565.3,Single
PLZZ,arrivals,2024,121745.336,Single
PT16,arrivals,2024,4.6919795e+06,Single
PT17,arrivals,2024,7.898208e+06,Single
PT18,arrivals,2024,1.8475765e+06,Single
TR10,arrivals,2024,1.5137805e+07,Single
TR21,arrivals,2024,1.1774182e+06,Single
TR22,arrivals,2024,2.2578618e+06,Single
TR33,arrivals,2024,2.0037192e+06,Single
TR51,arrivals,2024,2.457779e+06,Single
TR52,arrivals,2024,1.2521282e+06,Single
TR63,arrivals,2024,900093.75,Single
TR72,arrivals,2024,1.0562206e+06,Single
TR81,arrivals,2024,672452.4,Single
TR82,arrivals,2024,536056.94,Single
TR90,arrivals,2024,2.229419e+06,Single
TRA1,arrivals,2024,708350.56,Single
TRA2,arrivals,2024,496713.03,Single
TRB2,arrivals,2024,754712.2,Single
TRC1,arrivals,2024,1.1970898e+06,Single
TRC2,arrivals,2024,1.1551332e+06,Single
TRC3,arrivals,2024,733595.44,Single
UKC1,arrivals,2024,751975.4,Single
UKC2,arrivals,2024,2.316301e+06,Single
UKD1,arrivals,2024,3.2678748e+06,Single
UKD3,arrivals,2024,3.7562325e+06,Single
UKD4,arrivals,2024,2.4775678e+06,Single
UKD6,arrivals,2024,1.5348198e+06,Single
UKD7,arrivals,2024,2.039953e+06,Single
UKE1,arrivals,2024,1.1990715e+06,Single
UKE2,arrivals,2024,4.708343e+06,Single
UKE3,arrivals,2024,1.4127268e+06,Single
UKE4,arrivals,2024,2.176935e+06,Single
UKF1,arrivals,2024,2.6893562e+06,Single
UKF2,arrivals,2024,2.2131482e+06,Single
UKF3,arrivals,2024,1.7687338e+06,Single
UKG1,arrivals,2024,1.5323905e+06,Single
UKG2,arrivals,2024,2.0981162e+06,Single
UKG3,arrivals,2024,4.5485945e+06,Single
UKH1,arrivals,2024,5.2040365e+06,Single
UKH2,arrivals,2024,2.315379e+06,Single
UKH3,arrivals,2024,1.5383322e+06,Single
UKI1,arrivals,2024,1.6904972e+07,Single
UKI2,arrivals,2024,4.652815e+06,Single
UKI3,arrivals,2024,6.5341215e+06,Single
UKI4,arrivals,2024,7.5654965e+06,Single
UKI5,arrivals,2024,4.6234015e+06,Single
UKI6,arrivals,2024,3.2011522e+06,Single
UKI7,arrivals,2024,2.201772e+06,Single
UKJ1,arrivals,2024,4.769679e+06,Single
UKJ2,arrivals,2024,5.271282e+06,Single
UKJ3,arrivals,2024,3.7756722e+06,Single
UKJ4,arrivals,2024,3.0250065e+06,Single
UKK1,arrivals,2024,4.9868195e+06,Single
UKK2,arrivals,2024,4.4819215e+06,Single
UKK3,arrivals,2024,3.776586e+06,Single
UKK4,arrivals,2024,4.4802305e+06,Single
UKL1,arrivals,2024,6.6367585e+06,Single
UKL2,arrivals,2024,2.6976755e+06,Single
UKM2,arrivals,2024,5.0797675e+06,Single
UKM3,arrivals,2024,3.7941678e+06,Single
UKM5,arrivals,2024,1.1801269e+06,Single
UKM6,arrivals,2024,1.7721234e+06,Single
UKN0,arrivals,2024,1.459134e+06,Single
ATZZ,arrivals_per_km2,2024,3.1886601,Single
DKZZ,arrivals_per_km2,2024,3.1886601,Single
ESZZ,arrivals_per_km2,2024,3.1886601,Single
FR21,arrivals_per_km2,2024,110.65126,Single
FR22,arrivals_per_km2,2024,152.64288,Single
FR23,arrivals_per_km2,2024,205.4526,Single
FR24,arrivals_per_km2,2024,152.49005,Single
FR25,arrivals_per_km2,2024,254.7706,Single
FR26,arrivals_per_km2,2024,149.06853,Single
FR3,arrivals_per_km2,2024,393.4115,Single
FR30,arrivals_per_km2,2024,393.4115,Single
FR41,arrivals_per_km2,2024,158.64175,Single
FR42,arrivals_per_km2,2024,582.20123,Single
FR43,arrivals_per_km2,2024,123.15965,Single
FR51,arrivals_per_km2,2024,238.54816,Single
FR52,arrivals_per_km2,2024,282.65494,Single
FR53,arrivals_per_km2,2024,200.81252,Single
FR61,arrivals_per_km2,2024,253.07953,Single
FR62,arrivals_per_km2,2024,151.75478,Single
FR63,arrivals_per_km2,2024,82.49128,Single
FR71,arrivals_per_km2,2024,393.7222,Single
FR72,arrivals_per_km2,2024,124.987274,Single
FR81,arrivals_per_km2,2024,326.39578,Single
FR82,arrivals_per_km2,2024,539.815,Single
FR83,arrivals_per_km2,2024,320.27423,Single
FRA1,arrivals_per_km2,2024,201.09105,Single
FRA2,arrivals_per_km2,2024,253.35295,Single
FRA3,arrivals_per_km2,2024,3.1886601,Single
FRA4,arrivals_per_km2,2024,225.50317,Single
FRA5,arrivals_per_km2,2024,54.119797,Single
FRZZ,arrivals_per_km2,2024,3.1886601,Single
HR04,arrivals_per_km2,2024,85.85366,Single
HU10,arrivals_per_km2,2024,690.8582,Single
HUZZ,arrivals_per_km2,2024,3.1886601,Single
IE01,arrivals_per_km2,2024,86.88577,Single
IE02,arrivals_per_km2,2024,206.54169,Single
IS00,arrivals_per_km2,2024,54.894276,Single
ITZZ,arrivals_per_km2,2024,3.1886601,Single
LT00,arrivals_per_km2,2024,54.750374,Single
MTZZ,arrivals_per_km2,2024,3.1886601,Single
NL31,arrivals_per_km2,2024,1369.3905,Single
NL33,arrivals_per_km2,2024,1975.9381,Single
NLZZ,arrivals_per_km2,2024,3.1886601,Single
NO08,arrivals_per_km2,2024,217.77022,Single
NO09,arrivals_per_km2,2024,64.93885,Single
NOZZ,arrivals_per_km2,2024,3.1886601,Single
PL11,arrivals_per_km2,2024,78.63288,Single
PL12,arrivals_per_km2,2024,155.85603,Single
PL31,arrivals_per_km2,2024,44.679195,Single
PL32,arrivals_per_km2,2024,68.19468,Single
PL33,arrivals_per_km2,2024,57.40799,Single
PL34,arrivals_per_km2,2024,38.508648,Single
PLZZ,arrivals_per_km2,2024,3.1886601,Single
PT16,arrivals_per_km2,2024,162.58586,Single
PT17,arrivals_per_km2,2024,2213.1155,Single
PT18,arrivals_per_km2,2024,64.24485,Single
RS11,arrivals_per_km2,2024,3.1886601,Single
RS12,arrivals_per_km2,2024,3.1886601,Single
RS21,arrivals_per_km2,2024,3.1886601,Single
RS22,arrivals_per_km2,2024,3.1886601,Single
TR10,arrivals_per_km2,2024,2366.1414,Single
TR21,arrivals_per_km2,2024,65.44498,Single
TR22,arrivals_per_km2,2024,104.93838,Single
TR33,arrivals_per_km2,2024,49.19763,Single
TR51,arrivals_per_km2,2024,102.57699,Single
TR52,arrivals_per_km2,2024,29.83414,Single
TR63,arrivals_per_km2,2024,43.14685,Single
TR72,arrivals_per_km2,2024,17.468866,Single
TR81,arrivals_per_km2,2024,73.63327,Single
TR82,arrivals_per_km2,2024,20.641996,Single
TR90,arrivals_per_km2,2024,69.03429,Single
TRA1,arrivals_per_km2,2024,20.64863,Single
TRA2,arrivals_per_km2,2024,14.238846,Single
TRB2,arrivals_per_km2,2024,27.923685,Single
TRC1,arrivals_per_km2,2024,75.21524,Single
TRC2,arrivals_per_km2,2024,29.741312,Single
TRC3,arrivals_per_km2,2024,29.881107,Single
UKC1,arrivals_per_km2,2024,250.62454,Single
UKC2,arrivals_per_km2,2024,392.9139,Single
UKD1,arrivals_per_km2,2024,429.85165,Single
UKD3,arrivals_per_km2,2024,2341.2532,Single
UKD4,arrivals_per_km2,2024,753.8787,Single
UKD6,arrivals_per_km2,2024,583.6452,Single
UKD7,arrivals_per_km2,2024,2135.2751,Single
UKE1,arrivals_per_km2,2024,320.82733,Single
UKE2,arrivals_per_km2,2024,539.815,Single
UKE3,arrivals_per_km2,2024,1044.2174,Single
UKE4,arrivals_per_km2,2024,1111.7213,Single
UKF1,arrivals_per_km2,2024,536.50385,Single
UKF2,arrivals_per_km2,2024,431.18112,Single
UKF3,arrivals_per_km2,2024,280.97116,Single
UKG1,arrivals_per_km2,2024,251.61937,Single
UKG2,arrivals_per_km2,2024,326.68982,Single
UKG3,arrivals_per_km2,2024,4725.47,Single
UKH1,arrivals_per_km2,2024,393.81,Single
UKH2,arrivals_per_km2,2024,717.01776,Single
UKH3,arrivals_per_km2,2024,394.5448,Single
UKI1,arrivals_per_km2,2024,3.1886601,Single
UKI2,arrivals_per_km2,2024,3.1886601,Single
UKI3,arrivals_per_km2,2024,18675.074,Single
UKI4,arrivals_per_km2,2024,18675.074,Single
UKI5,arrivals_per_km2,2024,10366.335,Single
UKI6,arrivals_per_km2,2024,10196.919,Single
UKI7,arrivals_per_km2,2024,4725.47,Single
UKJ1,arrivals_per_km2,2024,853.017,Single
UKJ2,arrivals_per_km2,2024,1114.5557,Single
UKJ3,arrivals_per_km2,2024,1019.61676,Single
UKJ4,arrivals_per_km2,2024,720.1954,Single
UKK1,arrivals_per_km2,2024,638.0562,Single
UKK2,arrivals_per_km2,2024,730.7598,Single
UKK3,arrivals_per_km2,2024,1111.4938,Single
UKK4,arrivals_per_km2,2024,637.582,Single
UKL1,arrivals_per_km2,2024,431.19913,Single
UKL2,arrivals_per_km2,2024,329.09216,Single
UKM2,arrivals_per_km2,2024,283.48187,Single
UKM3,arrivals_per_km2,2024,284.16992,Single
UKM5,arrivals_per_km2,2024,187.66298,Single
UKM6,arrivals_per_km2,2024,49.436943,Single
UKN0,arrivals_per_km2,2024,105.329704,Single
AL01,arrivals_per_person,2024,0.75490016,Single
AL02,arrivals_per_person,2024,0.7586215,Single
AL03,arrivals_per_person,2024,0.9017573,Single
ATZZ,arrivals_per_person,2024,0.32196268,Single
DKZZ,arrivals_per_person,2024,0.32196268,Single
ESZZ,arrivals_per_person,2024,0.32196268,Single
FR21,arrivals_per_person,2024,0.32196268,Single
FR22,arrivals_per_person,2024,0.32196268,Single
FR23,arrivals_per_person,2024,0.32196268,Single
FR24,arrivals_per_person,2024,0.32196268,Single
FR25,arrivals_per_person,2024,0.32196268,Single
FR26,arrivals_per_person,2024,0.32196268,Single
FR3,arrivals_per_person,2024,0.32196268,Single
FR30,arrivals_per_person,2024,0.32196268,Single
FR41,arrivals_per_person,2024,0.32196268,Single
FR42,arrivals_per_person,2024,0.32196268,Single
FR43,arrivals_per_person,2024,0.32196268,Single
FR51,arrivals_per_person,2024,0.32196268,Single
FR52,arrivals_per_person,2024,0.32196268,Single
FR53,arrivals_per_person,2024,0.32196268,Single
FR61,arrivals_per_person,2024,0.32196268,Single
FR62,arrivals_per_person,2024,0.32196268,Single
FR63,arrivals_per_person,2024,0.32196268,Single
FR71,arrivals_per_person,2024,0.32196268,Single
FR72,arrivals_per_person,2024,0.32196268,Single
FR81,arrivals_per_person,2024,0.32196268,Single
FR82,arrivals_per_person,2024,0.32196268,Single
FR83,arrivals_per_person,2024,0.32196268,Single
FRA1,arrivals_per_person,2024,0.32196268,Single
FRA2,arrivals_per_person,2024,0.32196268,Single
FRA3,arrivals_per_person,2024,0.32196268,Single
FRA4,arrivals_per_person,2024,0.32196268,Single
FRA5,arrivals_per_person,2024,0.32196268,Single
FRZZ,arrivals_per_person,2024,0.32196268,Single
HR04,arrivals_per_person,2024,1.048985,Single
HU10,arrivals_per_person,2024,0.32196268,Single
HUZZ,arrivals_per_person,2024,0.32196268,Single
IE01,arrivals_per_person,2024,0.32196268,Single
IE02,arrivals_per_person,2024,0.32196268,Single
IS00,arrivals_per_person,2024,15.669442,Single
ITZZ,arrivals_per_person,2024,0.32196268,Single
LT00,arrivals_per_person,2024,0.32196268,Single
MTZZ,arrivals_per_person,2024,0.32196268,Single
NL31,arrivals_per_person,2024,1.5501037,Single
NL33,arrivals_per_person,2024,1.7137552,Single
NLZZ,arrivals_per_person,2024,0.32196268,Single
NO0B,arrivals_per_person,2024,0.32196268,Single
NOZZ,arrivals_per_person,2024,0.32196268,Single
PL11,arrivals_per_person,2024,0.32196268,Single
PL12,arrivals_per_person,2024,0.32196268,Single
PL31,arrivals_per_person,2024,0.32196268,Single
PL32,arrivals_per_person,2024,0.32196268,Single
PL33,arrivals_per_person,2024,0.32196268,Single
PL34,arrivals_per_person,2024,0.32196268,Single
PLZZ,arrivals_per_person,2024,0.32196268,Single
PT16,arrivals_per_person,2024,2.0745678,Single
PT17,arrivals_per_person,2024,2.835966,Single
PT18,arrivals_per_person,2024,2.6518624,Single
TR10,arrivals_per_person,2024,0.8341764,Single
TR21,arrivals_per_person,2024,0.63892025,Single
TR22,arrivals_per_person,2024,1.3188897,Single
TR33,arrivals_per_person,2024,0.6403729,Single
TR51,arrivals_per_person,2024,0.39461023,Single
TR52,arrivals_per_person,2024,0.4829372,Single
TR63,arrivals_per_person,2024,0.30482984,Single
TR72,arrivals_per_person,2024,0.35797292,Single
TR81,arrivals_per_person,2024,0.65619564,Single
TR82,arrivals_per_person,2024,0.6191792,Single
TR90,arrivals_per_person,2024,0.849361,Single
TRA1,arrivals_per_person,2024,0.70871544,Single
TRA2,arrivals_per_person,2024,0.3079963,Single
TRB2,arrivals_per_person,2024,0.302229,Single
TRC1,arrivals_per_person,2024,0.35993117,Single
TRC2,arrivals_per_person,2024,0.34417105,Single
TRC3,arrivals_per_person,2024,0.3305928,Single
UKC1,arrivals_per_person,2024,0.6798503,Single
UKC2,arrivals_per_person,2024,1.5686402,Single
UKD1,arrivals_per_person,2024,6.4116297,Single
UKD3,arrivals_per_person,2024,1.3716859,Single
UKD4,arrivals_per_person,2024,1.6558455,Single
UKD6,arrivals_per_person,2024,1.7066454,Single
UKD7,arrivals_per_person,2024,1.3396593,Single
UKE1,arrivals_per_person,2024,1.3399378,Single
UKE2,arrivals_per_person,2024,6.291776,Single
UKE3,arrivals_per_person,2024,1.0561838,Single
UKE4,arrivals_per_person,2024,0.98966414,Single
UKF1,arrivals_per_person,2024,1.3292857,Single
UKF2,arrivals_per_person,2024,1.2766079,Single
UKF3,arrivals_per_person,2024,2.389611,Single
UKG1,arrivals_per_person,2024,1.2290218,Single
UKG2,arrivals_per_person,2024,1.3460503,Single
UKG3,arrivals_per_person,2024,1.5026985,Single
UKH1,arrivals_per_person,2024,2.113023,Single
UKH2,arrivals_per_person,2024,1.2697628,Single
UKH3,arrivals_per_person,2024,0.9089027,Single
UKI1,arrivals_per_person,2024,0.32196268,Single
UKI2,arrivals_per_person,2024,0.32196268,Single
UKI3,arrivals_per_person,2024,5.0509896,Single
UKI4,arrivals_per_person,2024,2.851775,Single
UKI5,arrivals_per_person,2024,2.522543,Single
UKI6,arrivals_per_person,2024,2.5310655,Single
UKI7,arrivals_per_person,2024,1.1154377,Single
UKJ1,arrivals_per_person,2024,1.8648516,Single
UKJ2,arrivals_per_person,2024,1.8695122,Single
UKJ3,arrivals_per_person,2024,1.8771335,Single
UKJ4,arrivals_per_person,2024,1.6897297,Single
UKK1,arrivals_per_person,2024,2.0246935,Single
UKK2,arrivals_per_person,2024,3.1574738,Single
UKK3,arrivals_per_person,2024,6.9864006,Single
UKK4,arrivals_per_person,2024,3.689509,Single
UKL1,arrivals_per_person,2024,3.053391,Single
UKL2,arrivals_per_person,2024,2.250452,Single
UKM2,arrivals_per_person,2024,0.32196268,Single
UKM3,arrivals_per_person,2024,0.32196268,Single
UKM5,arrivals_per_person,2024,2.4022286,Single
UKM6,arrivals_per_person,2024,4.0012207,Single
UKN0,arrivals_per_person,2024,0.8016007,Single
ATZZ,bed_places,2024,1593.3741,Single
DKZZ,bed_places,2024,1593.3741,Single
ES64,bed_places,2024,1593.3741,Single
ESZZ,bed_places,2024,1593.3741,Single
FR21,bed_places,2024,47761.516,Single
FR22,bed_places,2024,60582.582,Single
FR23,bed_places,2024,55465.082,Single
FR24,bed_places,2024,125246.13,Single
FR25,bed_places,2024,117885.31,Single
FR26,bed_places,2024,89530.8,Single
FR3,bed_places,2024,91630.62,Single
FR30,bed_places,2024,91630.62,Single
FR41,bed_places,2024,76239.27,Single
FR42,bed_places,2024,83756.94,Single
FR43,bed_places,2024,66537.91,Single
FR51,bed_places,2024,401928.72,Single
FR52,bed_places,2024,478360.4,Single
FR53,bed_places,2024,228381.94,Single
FR61,bed_places,2024,500610.78,Single
FR62,bed_places,2024,309637.03,Single
FR63,bed_places,2024,61877.285,Single
FR71,bed_places,2024,631050.3,Single
FR72,bed_places,2024,128230.41,Single
FR81,bed_places,2024,500293.6,Single
FR82,bed_places,2024,725178.25,Single
FR83,bed_places,2024,149182.73,Single
FRA1,bed_places,2024,6698.9404,Single
FRA2,bed_places,2024,10169.99,Single
FRA3,bed_places,2024,2249.0425,Single
FRA4,bed_places,2024,4832.238,Single
FRA5,bed_places,2024,1593.3741,Single
FRZZ,bed_places,2024,1593.3741,Single
HR04,bed_places,2024,77260.625,Single
HU10,bed_places,2024,75983.98,Single
HUZZ,bed_places,2024,1593.3741,Single
IE01,bed_places,2024,56788.184,Single
IE02,bed_places,2024,153951.72,Single
IS00,bed_places,2024,45936.965,Single
ITZZ,bed_places,2024,1593.3741,Single
LT00,bed_places,2024,78470.414,Single
MTZZ,bed_places,2024,1593.3741,Single
NL31,bed_places,2024,45479.89,Single
NL33,bed_places,2024,109685.6,Single
NLZZ,bed_places,2024,1593.3741,Single
NOZZ,bed_places,2024,1593.3741,Single
PL11,bed_places,2024,24526.785,Single
PL12,bed_places,2024,54803.562,Single
PL31,bed_places,2024,25575.61,Single
PL32,bed_places,2024,31389.348,Single
PL33,bed_places,2024,11914.104,Single
PL34,bed_places,2024,15120.232,Single
PLZZ,bed_places,2024,1593.3741,Single
PT16,bed_places,2024,135342.12,Single
PT17,bed_places,2024,150501.6,Single
PT18,bed_places,2024,54608.117,Single
TR10,bed_places,2024,1593.3741,Single
TR33,bed_places,2024,1593.3741,Single
TR51,bed_places,2024,1593.3741,Single
TR52,bed_places,2024,1593.3741,Single
TR63,bed_places,2024,25094.877,Single
TR71,bed_places,2024,1593.3741,Single
TR72,bed_places,2024,1593.3741,Single
TR81,bed_places,2024,1593.3741,Single
TRA1,bed_places,2024,1593.3741,Single
TRA2,bed_places,2024,1593.3741,Single
TRB1,bed_places,2024,10535.687,Single
TRB2,bed_places,2024,1593.3741,Single
TRC1,bed_places,2024,1593.3741,Single
TRC2,bed_places,2024,1593.3741,Single
TRC3,bed_places,2024,1593.3741,Single
UKC1,bed_places,2024,29703.941,Single
UKC2,bed_places,2024,62675.15,Single
UKD1,bed_places,2024,85237.3,Single
UKD3,bed_places,2024,75775.59,Single
UKD4,bed_places,2024,124034.32,Single
UKD6,bed_places,2024,50147.742,Single
UKD7,bed_places,2024,43533.305,Single
UKE1,bed_places,2024,24846.625,Single
UKE2,bed_places,2024,130953.74,Single
UKE3,bed_places,2024,27002.045,Single
UKE4,bed_places,2024,50338.86,Single
UKF1,bed_places,2024,74053.664,Single
UKF2,bed_places,2024,57868.707,Single
UKF3,bed_places,2024,57927.684,Single
UKG1,bed_places,2024,62388.824,Single
UKG2,bed_places,2024,44761.867,Single
UKG3,bed_places,2024,70535.45,Single
UKH1,bed_places,2024,95354.31,Single
UKH2,bed_places,2024,39759.89,Single
UKH3,bed_places,2024,54687.73,Single
UKI1,bed_places,2024,484830.97,Single
UKI2,bed_places,2024,111487.1,Single
UKI3,bed_places,2024,237711.11,Single
UKI4,bed_places,2024,147330.98,Single
UKI5,bed_places,2024,41532.07,Single
UKI6,bed_places,2024,38914.69,Single
UKI7,bed_places,2024,28222.08,Single
UKJ1,bed_places,2024,123820.92,Single
UKJ2,bed_places,2024,174286.56,Single
UKJ3,bed_places,2024,153487.23,Single
UKJ4,bed_places,2024,91358.63,Single
UKK1,bed_places,2024,135220.92,Single
UKK2,bed_places,2024,254005.02,Single
UKK3,bed_places,2024,254052.89,Single
UKK4,bed_places,2024,223251.3,Single
UKL1,bed_places,2024,477419.03,Single
UKL2,bed_places,2024,175791.5,Single
UKM2,bed_places,2024,64089.613,Single
UKM3,bed_places,2024,48562.207,Single
UKM5,bed_places,2024,16997.412,Single
UKM6,bed_places,2024,48629.45,Single
UKN0,bed_places,2024,38651.19,Single
AL01,bed_places_per_1k_persons,2024,47.031803,Single
AL02,bed_places_per_1k_persons,2024,35.202255,Single
AL03,bed_places_per_1k_persons,2024,46.50041,Single
ATZZ,bed_places_per_1k_persons,2024,7.743257,Single
DKZZ,bed_places_per_1k_persons,2024,7.743257,Single
ES64,bed_places_per_1k_persons,2024,10.077829,Single
ESZZ,bed_places_per_1k_persons,2024,7.743257,Single
FR21,bed_places_per_1k_persons,2024,7.743257,Single
FR22,bed_places_per_1k_persons,2024,7.743257,Single
FR23,bed_places_per_1k_persons,2024,7.743257,Single
FR24,bed_places_per_1k_persons,2024,7.743257,Single
FR25,bed_places_per_1k_persons,2024,7.743257,Single
FR26,bed_places_per_1k_persons,2024,7.743257,Single
FR3,bed_places_per_1k_persons,2024,7.743257,Single
FR30,bed_places_per_1k_persons,2024,7.743257,Single
FR41,bed_places_per_1k_persons,2024,7.743257,Single
FR42,bed_places_per_1k_persons,2024,7.743257,Single
FR43,bed_places_per_1k_persons,2024,7.743257,Single
FR51,bed_places_per_1k_persons,2024,7.743257,Single
FR52,bed_places_per_1k_persons,2024,7.743257,Single
FR53,bed_places_per_1k_persons,2024,7.743257,Single
FR61,bed_places_per_1k_persons,2024,7.743257,Single
FR62,bed_places_per_1k_persons,2024,7.743257,Single
FR63,bed_places_per_1k_persons,2024,7.743257,Single
FR71,bed_places_per_1k_persons,2024,7.743257,Single
FR72,bed_places_per_1k_persons,2024,7.743257,Single
FR81,bed_places_per_1k_persons,2024,7.743257,Single
FR82,bed_places_per_1k_persons,2024,7.743257,Single
FR83,bed_places_per_1k_persons,2024,7.743257,Single
FRA1,bed_places_per_1k_persons,2024,7.743257,Single
FRA2,bed_places_per_1k_persons,2024,7.743257,Single
FRA3,bed_places_per_1k_persons,2024,7.743257,Single
FRA4,bed_places_per_1k_persons,2024,7.743257,Single
FRA5,bed_places_per_1k_persons,2024,7.743257,Single
FRZZ,bed_places_per_1k_persons,2024,7.743257,Single
HR04,bed_places_per_1k_persons,2024,30.223923,Single
HU10,bed_places_per_1k_persons,2024,7.743257,Single
HUZZ,bed_places_per_1k_persons,2024,7.743257,Single
IE01,bed_places_per_1k_persons,2024,7.743257,Single
IE02,bed_places_per_1k_persons,2024,7.743257,Single
IS00,bed_places_per_1k_persons,2024,120.4812,Single
ITZZ,bed_places_per_1k_persons,2024,7.743257,Single
LT00,bed_places_per_1k_persons,2024,7.743257,Single
MTZZ,bed_places_per_1k_persons,2024,7.743257,Single
NL31,bed_places_per_1k_persons,2024,31.652472,Single
NL33,bed_places_per_1k_persons,2024,30.66121,Single
NLZZ,bed_places_per_1k_persons,2024,7.743257,Single
NO0B,bed_places_per_1k_persons,2024,7.743257,Single
NOZZ,bed_places_per_1k_persons,2024,7.743257,Single
PL11,bed_places_per_1k_persons,2024,7.743257,Single
PL12,bed_places_per_1k_persons,2024,7.743257,Single
PL31,bed_places_per_1k_persons,2024,7.743257,Single
PL32,bed_places_per_1k_persons,2024,7.743257,Single
PL33,bed_places_per_1k_persons,2024,7.743257,Single
PL34,bed_places_per_1k_persons,2024,7.743257,Single
PLZZ,bed_places_per_1k_persons,2024,7.743257,Single
PT16,bed_places_per_1k_persons,2024,59.8561,Single
PT17,bed_places_per_1k_persons,2024,50.342358,Single
PT18,bed_places_per_1k_persons,2024,72.564835,Single
TR10,bed_places_per_1k_persons,2024,7.743257,Single
TR33,bed_places_per_1k_persons,2024,7.743257,Single
TR51,bed_places_per_1k_persons,2024,7.743257,Single
TR52,bed_places_per_1k_persons,2024,7.743257,Single
TR63,bed_places_per_1k_persons,2024,7.743257,Single
TR71,bed_places_per_1k_persons,2024,7.743257,Single
TR72,bed_places_per_1k_persons,2024,7.743257,Single
TR81,bed_places_per_1k_persons,2024,7.743257,Single
TRA1,bed_places_per_1k_persons,2024,7.743257,Single
TRA2,bed_places_per_1k_persons,2024,7.743257,Single
TRB1,bed_places_per_1k_persons,2024,7.743257,Single
TRB2,bed_places_per_1k_persons,2024,7.743257,Single
TRC1,bed_places_per_1k_persons,2024,7.743257,Single
TRC2,bed_places_per_1k_persons,2024,7.743257,Single
TRC3,bed_places_per_1k_persons,2024,7.743257,Single
UKC1,bed_places_per_1k_persons,2024,24.023438,Single
UKC2,bed_places_per_1k_persons,2024,46.346966,Single
UKD1,bed_places_per_1k_persons,2024,175.75728,Single
UKD3,bed_places_per_1k_persons,2024,29.218155,Single
UKD4,bed_places_per_1k_persons,2024,84.147545,Single
UKD6,bed_places_per_1k_persons,2024,52.790386,Single
UKD7,bed_places_per_1k_persons,2024,28.908571,Single
UKE1,bed_places_per_1k_persons,2024,27.082247,Single
UKE2,bed_places_per_1k_persons,2024,157.37526,Single
UKE3,bed_places_per_1k_persons,2024,19.992264,Single
UKE4,bed_places_per_1k_persons,2024,22.216583,Single
UKF1,bed_places_per_1k_persons,2024,32.19636,Single
UKF2,bed_places_per_1k_persons,2024,31.977825,Single
UKF3,bed_places_per_1k_persons,2024,82.399666,Single
UKG1,bed_places_per_1k_persons,2024,46.83161,Single
UKG2,bed_places_per_1k_persons,2024,28.931772,Single
UKG3,bed_places_per_1k_persons,2024,23.766024,Single
UKH1,bed_places_per_1k_persons,2024,36.86196,Single
UKH2,bed_places_per_1k_persons,2024,21.832165,Single
UKH3,bed_places_per_1k_persons,2024,32.62128,Single
UKI1,bed_places_per_1k_persons,2024,7.743257,Single
UKI2,bed_places_per_1k_persons,2024,7.743257,Single
UKI3,bed_places_per_1k_persons,2024,185.9092,Single
UKI4,bed_places_per_1k_persons,2024,63.752487,Single
UKI5,bed_places_per_1k_persons,2024,23.767965,Single
UKI6,bed_places_per_1k_persons,2024,30.934212,Single
UKI7,bed_places_per_1k_persons,2024,13.481303,Single
UKJ1,bed_places_per_1k_persons,2024,52.214527,Single
UKJ2,bed_places_per_1k_persons,2024,61.821342,Single
UKJ3,bed_places_per_1k_persons,2024,82.13297,Single
UKJ4,bed_places_per_1k_persons,2024,50.04283,Single
UKK1,bed_places_per_1k_persons,2024,57.86864,Single
UKK2,bed_places_per_1k_persons,2024,174.3669,Single
UKK3,bed_places_per_1k_persons,2024,524.74445,Single
UKK4,bed_places_per_1k_persons,2024,166.62495,Single
UKL1,bed_places_per_1k_persons,2024,172.63509,Single
UKL2,bed_places_per_1k_persons,2024,157.25655,Single
UKM2,bed_places_per_1k_persons,2024,7.743257,Single
UKM3,bed_places_per_1k_persons,2024,7.743257,Single
UKM5,bed_places_per_1k_persons,2024,25.099222,Single
UKM6,bed_places_per_1k_persons,2024,101.279076,Single
UKN0,bed_places_per_1k_persons,2024,20.252386,Single
ATZZ,bed_places_per_km2,2024,0.058850445,Single
DKZZ,bed_places_per_km2,2024,0.058850445,Single
ES64,bed_places_per_km2,2024,60.790596,Single
ESZZ,bed_places_per_km2,2024,0.058850445,Single
FR21,bed_places_per_km2,2024,1.8026445,Single
FR22,bed_places_per_km2,2024,3.1781666,Single
FR23,bed_places_per_km2,2024,4.240624,Single
FR24,bed_places_per_km2,2024,3.0135555,Single
FR25,bed_places_per_km2,2024,6.697895,Single
FR26,bed_places_per_km2,2024,2.7221777,Single
FR3,bed_places_per_km2,2024,6.6823473,Single
FR30,bed_places_per_km2,2024,6.6823473,Single
FR41,bed_places_per_km2,2024,3.1644573,Single
FR42,bed_places_per_km2,2024,10.246721,Single
FR43,bed_places_per_km2,2024,4.245127,Single
FR51,bed_places_per_km2,2024,10.31307,Single
FR52,bed_places_per_km2,2024,13.3867035,Single
FR53,bed_places_per_km2,2024,8.697461,Single
FR61,bed_places_per_km2,2024,12.499363,Single
FR62,bed_places_per_km2,2024,6.554946,Single
FR63,bed_places_per_km2,2024,3.7115657,Single
FR71,bed_places_per_km2,2024,13.302454,Single
FR72,bed_places_per_km2,2024,4.720578,Single
FR81,bed_places_per_km2,2024,19.533808,Single
FR82,bed_places_per_km2,2024,20.44464,Single
FR83,bed_places_per_km2,2024,18.108364,Single
FRA1,bed_places_per_km2,2024,4.014674,Single
FRA2,bed_places_per_km2,2024,5.932165,Single
FRA3,bed_places_per_km2,2024,0.058850445,Single
FRA4,bed_places_per_km2,2024,2.5567806,Single
FRA5,bed_places_per_km2,2024,1.3504938,Single
FRZZ,bed_places_per_km2,2024,0.058850445,Single
HR04,bed_places_per_km2,2024,2.2921245,Single
HU10,bed_places_per_km2,2024,10.16308,Single
HUZZ,bed_places_per_km2,2024,0.058850445,Single
IE01,bed_places_per_km2,2024,1.6329563,Single
IE02,bed_places_per_km2,2024,4.0806046,Single
IS00,bed_places_per_km2,2024,0.05670376,Single
ITZZ,bed_places_per_km2,2024,0.058850445,Single
LT00,bed_places_per_km2,2024,1.2474444,Single
MTZZ,bed_places_per_km2,2024,0.058850445,Single
NL31,bed_places_per_km2,2024,33.169186,Single
NL33,bed_places_per_km2,2024,34.041534,Single
NLZZ,bed_places_per_km2,2024,0.058850445,Single
NO08,bed_places_per_km2,2024,5.3630834,Single
NO09,bed_places_per_km2,2024,3.4209576,Single
NOZZ,bed_places_per_km2,2024,0.058850445,Single
PL11,bed_places_per_km2,2024,1.3517227,Single
PL12,bed_places_per_km2,2024,1.552979,Single
PL31,bed_places_per_km2,2024,1.0334942,Single
PL32,bed_places_per_km2,2024,1.693046,Single
PL33,bed_places_per_km2,2024,1.4834453,Single
PL34,bed_places_per_km2,2024,0.6233203,Single
PLZZ,bed_places_per_km2,2024,0.058850445,Single
PT16,bed_places_per_km2,2024,4.890085,Single
PT17,bed_places_per_km2,2024,42.722836,Single
PT18,bed_places_per_km2,2024,1.5383085,Single
RS11,bed_places_per_km2,2024,0.058850445,Single
RS12,bed_places_per_km2,2024,0.058850445,Single
RS21,bed_places_per_km2,2024,0.058850445,Single
RS22,bed_places_per_km2,2024,0.058850445,Single
TR10,bed_places_per_km2,2024,0.058850445,Single
TR33,bed_places_per_km2,2024,0.058850445,Single
TR51,bed_places_per_km2,2024,0.058850445,Single
TR52,bed_places_per_km2,2024,0.058850445,Single
TR63,bed_places_per_km2,2024,0.9525176,Single
TR71,bed_places_per_km2,2024,0.058850445,Single
TR72,bed_places_per_km2,2024,0.058850445,Single
TR81,bed_places_per_km2,2024,0.058850445,Single
TRA1,bed_places_per_km2,2024,0.058850445,Single
TRA2,bed_places_per_km2,2024,0.058850445,Single
TRB1,bed_places_per_km2,2024,0.058850445,Single
TRB2,bed_places_per_km2,2024,0.058850445,Single
TRC1,bed_places_per_km2,2024,0.058850445,Single
TRC2,bed_places_per_km2,2024,0.058850445,Single
TRC3,bed_places_per_km2,2024,0.058850445,Single
UKC1,bed_places_per_km2,2024,10.195829,Single
UKC2,bed_places_per_km2,2024,11.986412,Single
UKD1,bed_places_per_km2,2024,12.088577,Single
UKD3,bed_places_per_km2,2024,54.755516,Single
UKD4,bed_places_per_km2,2024,37.50904,Single
UKD6,bed_places_per_km2,2024,21.497166,Single
UKD7,bed_places_per_km2,2024,51.908657,Single
UKE1,bed_places_per_km2,2024,6.7354984,Single
UKE2,bed_places_per_km2,2024,16.697258,Single
UKE3,bed_places_per_km2,2024,17.291351,Single
UKE4,bed_places_per_km2,2024,25.824976,Single
UKF1,bed_places_per_km2,2024,14.186312,Single
UKF2,bed_places_per_km2,2024,12.088577,Single
UKF3,bed_places_per_km2,2024,10.195829,Single
UKG1,bed_places_per_km2,2024,10.234159,Single
UKG2,bed_places_per_km2,2024,7.303892,Single
UKG3,bed_places_per_km2,2024,86.19618,Single
UKH1,bed_places_per_km2,2024,7.3080425,Single
UKH2,bed_places_per_km2,2024,13.300983,Single
UKH3,bed_places_per_km2,2024,13.302454,Single
UKI1,bed_places_per_km2,2024,0.058850445,Single
UKI2,bed_places_per_km2,2024,0.058850445,Single
UKI3,bed_places_per_km2,2024,218.7904,Single
UKI4,bed_places_per_km2,2024,218.7904,Single
UKI5,bed_places_per_km2,2024,103.35629,Single
UKI6,bed_places_per_km2,2024,103.33048,Single
UKI7,bed_places_per_km2,2024,51.805405,Single
UKJ1,bed_places_per_km2,2024,21.497166,Single
UKJ2,bed_places_per_km2,2024,35.26702,Single
UKJ3,bed_places_per_km2,2024,37.460785,Single
UKJ4,bed_places_per_km2,2024,22.214191,Single
UKK1,bed_places_per_km2,2024,18.135002,Single
UKK2,bed_places_per_km2,2024,44.278122,Single
UKK3,bed_places_per_km2,2024,85.8974,Single
UKK4,bed_places_per_km2,2024,34.041534,Single
UKL1,bed_places_per_km2,2024,27.656994,Single
UKL2,bed_places_per_km2,2024,25.74623,Single
UKM2,bed_places_per_km2,2024,3.4293623,Single
UKM3,bed_places_per_km2,2024,3.4299245,Single
UKM5,bed_places_per_km2,2024,1.7973204,Single
UKM6,bed_places_per_km2,2024,1.220359,Single
UKN0,bed_places_per_km2,2024,2.6449568,Single
ATZZ,establishments,2024,22.171955,Single
DKZZ,establishments,2024,22.171955,Single
ES64,establishments,2024,22.171955,Single
ESZZ,establishments,2024,22.171955,Single
FR21,establishments,2024,455.07904,Single
FR22,establishments,2024,463.04156,Single
FR23,establishments,2024,428.02972,Single
FR24,establishments,2024,1018.2749,Single
FR25,establishments,2024,776.8705,Single
FR26,establishments,2024,792.9906,Single
FR3,establishments,2024,771.08136,Single
FR30,establishments,2024,771.08136,Single
FR41,establishments,2024,668.7469,Single
FR42,establishments,2024,832.61035,Single
FR43,establishments,2024,517.624,Single
FR51,establishments,2024,1534.2549,Single
FR52,establishments,2024,1795.6119,Single
FR53,establishments,2024,999.31854,Single
FR61,establishments,2024,2282.3545,Single
FR62,establishments,2024,2109.9297,Single
FR63,establishments,2024,523.12244,Single
FR71,establishments,2024,3958.3447,Single
FR72,establishments,2024,998.12103,Single
FR81,establishments,2024,2109.8057,Single
FR82,establishments,2024,3574.3965,Single
FR83,establishments,2024,823.489,Single
FRA1,establishments,2024,53.36838,Single
FRA2,establishments,2024,94.779274,Single
FRA3,establishments,2024,22.171955,Single
FRA4,establishments,2024,61.162846,Single
FRA5,establishments,2024,22.171955,Single
FRZZ,establishments,2024,22.171955,Single
HR04,establishments,2024,5811.363,Single
HU10,establishments,2024,578.15796,Single
HUZZ,establishments,2024,22.171955,Single
IE01,establishments,2024,1121.0911,Single
IE02,establishments,2024,1994.9169,Single
IS00,establishments,2024,923.38965,Single
ITZZ,establishments,2024,22.171955,Single
LT00,establishments,2024,2999.9414,Single
MTZZ,establishments,2024,22.171955,Single
NL31,establishments,2024,314.89655,Single
NL33,establishments,2024,766.60364,Single
NLZZ,establishments,2024,22.171955,Single
NOZZ,establishments,2024,22.171955,Single
PL11,establishments,2024,357.36194,Single
PL12,establishments,2024,510.10858,Single
PL31,establishments,2024,439.99957,Single
PL32,establishments,2024,563.1493,Single
PL33,establishments,2024,264.35077,Single
PL34,establishments,2024,282.66577,Single
PLZZ,establishments,2024,22.171955,Single
PT16,establishments,2024,1693.3645,Single
PT17,establishments,2024,1169.4485,Single
PT18,establishments,2024,892.569,Single
TR10,establishments,2024,22.171955,Single
TR33,establishments,2024,22.171955,Single
TR51,establishments,2024,22.171955,Single
TR52,establishments,2024,22.171955,Single
TR63,establishments,2024,399.68915,Single
TR72,establishments,2024,213.09425,Single
TR81,establishments,2024,22.171955,Single
TRA1,establishments,2024,22.171955,Single
TRA2,establishments,2024,22.171955,Single
TRB1,establishments,2024,122.027695,Single
TRB2,establishments,2024,22.171955,Single
TRC1,establishments,2024,22.171955,Single
TRC2,establishments,2024,22.171955,Single
TRC3,establishments,2024,22.171955,Single
UKC1,establishments,2024,693.10425,Single
UKC2,establishments,2024,1691.0057,Single
UKD1,establishments,2024,5675.6987,Single
UKD3,establishments,2024,511.82208,Single
UKD4,establishments,2024,2648.898,Single
UKD6,establishments,2024,741.3184,Single
UKD7,establishments,2024,510.81143,Single
UKE1,establishments,2024,739.2746,Single
UKE2,establishments,2024,4307.2417,Single
UKE3,establishments,2024,367.08386,Single
UKE4,establishments,2024,766.3177,Single
UKF1,establishments,2024,2519.128,Single
UKF2,establishments,2024,863.0544,Single
UKF3,establishments,2024,1594.9978,Single
UKG1,establishments,2024,1551.3889,Single
UKG2,establishments,2024,1173.6737,Single
UKG3,establishments,2024,538.4677,Single
UKH1,establishments,2024,3891.854,Single
UKH2,establishments,2024,459.30548,Single
UKH3,establishments,2024,607.37463,Single
UKI1,establishments,2024,2900.054,Single
UKI2,establishments,2024,957.01965,Single
UKI3,establishments,2024,1261.2643,Single
UKI4,establishments,2024,793.7878,Single
UKI5,establishments,2024,337.6101,Single
UKI6,establishments,2024,296.3083,Single
UKI7,establishments,2024,211.51988,Single
UKJ1,establishments,2024,2109.9678,Single
UKJ2,establishments,2024,3012.774,Single
UKJ3,establishments,2024,3616.7666,Single
UKJ4,establishments,2024,2863.3516,Single
UKK1,establishments,2024,2854.7002,Single
UKK2,establishments,2024,4217.9556,Single
UKK3,establishments,2024,6247.348,Single
UKK4,establishments,2024,6311.3516,Single
UKL1,establishments,2024,6277.1396,Single
UKL2,establishments,2024,6454.3486,Single
UKM2,establishments,2024,1521.6315,Single
UKM3,establishments,2024,787.00824,Single
UKM5,establishments,2024,309.53552,Single
UKM6,establishments,2024,2177.9885,Single
UKN0,establishments,2024,2559.9292,Single
AL01,establishments_per_1k_persons,2024,0.56803936,Single
AL02,establishments_per_1k_persons,2024,0.40930313,Single
AL03,establishments_per_1k_persons,2024,0.9379904,Single
ATZZ,establishments_per_1k_persons,2024,0.10579164,Single
DKZZ,establishments_per_1k_persons,2024,0.10579164,Single
ES64,establishments_per_1k_persons,2024,0.14041373,Single
ESZZ,establishments_per_1k_persons,2024,0.10579164,Single
FR21,establishments_per_1k_persons,2024,0.10579164,Single
FR22,establishments_per_1k_persons,2024,0.10579164,Single
FR23,establishments_per_1k_persons,2024,0.10579164,Single
FR24,establishments_per_1k_persons,2024,0.10579164,Single
FR25,establishments_per_1k_persons,2024,0.10579164,Single
FR26,establishments_per_1k_persons,2024,0.10579164,Single
FR3,establishments_per_1k_persons,2024,0.10579164,Single
FR30,establishments_per_1k_persons,2024,0.10579164,Single
FR41,establishments_per_1k_persons,2024,0.10579164,Single
FR42,establishments_per_1k_persons,2024,0.10579164,Single
FR43,establishments_per_1k_persons,2024,0.10579164,Single
FR51,establishments_per_1k_persons,2024,0.10579164,Single
FR52,establishments_per_1k_persons,2024,0.10579164,Single
FR53,establishments_per_1k_persons,2024,0.10579164,Single
FR61,establishments_per_1k_persons,2024,0.10579164,Single
FR62,establishments_per_1k_persons,2024,0.10579164,Single
FR63,establishments_per_1k_persons,2024,0.10579164,Single
FR71,establishments_per_1k_persons,2024,0.10579164,Single
FR72,establishments_per_1k_persons,2024,0.10579164,Single
FR81,establishments_per_1k_persons,2024,0.10579164,Single
FR82,establishments_per_1k_persons,2024,0.10579164,Single
FR83,establishments_per_1k_persons,2024,0.10579164,Single
FRA1,establishments_per_1k_persons,2024,0.10579164,Single
FRA2,establishments_per_1k_persons,2024,0.10579164,Single
FRA3,establishments_per_1k_persons,2024,0.10579164,Single
FRA4,establishments_per_1k_persons,2024,0.10579164,Single
FRA5,establishments_per_1k_persons,2024,0.10579164,Single
FRZZ,establishments_per_1k_persons,2024,0.10579164,Single
HR04,establishments_per_1k_persons,2024,2.1271787,Single
HU10,establishments_per_1k_persons,2024,0.10579164,Single
HUZZ,establishments_per_1k_persons,2024,0.10579164,Single
IE01,establishments_per_1k_persons,2024,0.10579164,Single
IE02,establishments_per_1k_persons,2024,0.10579164,Single
IS00,establishments_per_1k_persons,2024,2.7458923,Single
ITZZ,establishments_per_1k_persons,2024,0.10579164,Single
LT00,establishments_per_1k_persons,2024,0.10579164,Single
MTZZ,establishments_per_1k_persons,2024,0.10579164,Single
NL31,establishments_per_1k_persons,2024,0.23695958,Single
NL33,establishments_per_1k_persons,2024,0.18667006,Single
NLZZ,establishments_per_1k_persons,2024,0.10579164,Single
NO0B,establishments_per_1k_persons,2024,0.10579164,Single
NOZZ,establishments_per_1k_persons,2024,0.10579164,Single
PL11,establishments_per_1k_persons,2024,0.10579164,Single
PL12,establishments_per_1k_persons,2024,0.10579164,Single
PL31,establishments_per_1k_persons,2024,0.10579164,Single
PL32,establishments_per_1k_persons,2024,0.10579164,Single
PL33,establishments_per_1k_persons,2024,0.10579164,Single
PL34,establishments_per_1k_persons,2024,0.10579164,Single
PLZZ,establishments_per_1k_persons,2024,0.10579164,Single
PT16,establishments_per_1k_persons,2024,0.77066165,Single
PT17,establishments_per_1k_persons,2024,0.4023695,Single
PT18,establishments_per_1k_persons,2024,1.2609249,Single
TR10,establishments_per_1k_persons,2024,0.10579164,Single
TR33,establishments_per_1k_persons,2024,0.10579164,Single
TR51,establishments_per_1k_persons,2024,0.10579164,Single
TR52,establishments_per_1k_persons,2024,0.10579164,Single
TR63,establishments_per_1k_persons,2024,0.114922345,Single
TR72,establishments_per_1k_persons,2024,0.10579164,Single
TR81,establishments_per_1k_persons,2024,0.10579164,Single
TRA1,establishments_per_1k_persons,2024,0.10579164,Single
TRA2,establishments_per_1k_persons,2024,0.10579164,Single
TRB1,establishments_per_1k_persons,2024,0.10579164,Single
TRB2,establishments_per_1k_persons,2024,0.10579164,Single
TRC1,establishments_per_1k_persons,2024,0.10579164,Single
TRC2,establishments_per_1k_persons,2024,0.10579164,Single
TRC3,establishments_per_1k_persons,2024,0.10579164,Single
UKC1,establishments_per_1k_persons,2024,0.5437272,Single
UKC2,establishments_per_1k_persons,2024,1.2895706,Single
UKD1,establishments_per_1k_persons,2024,11.74715,Single
UKD3,establishments_per_1k_persons,2024,0.19525483,Single
UKD4,establishments_per_1k_persons,2024,1.9957433,Single
UKD6,establishments_per_1k_persons,2024,0.736078,Single
UKD7,establishments_per_1k_persons,2024,0.30428347,Single
UKE1,establishments_per_1k_persons,2024,0.7602514,Single
UKE2,establishments_per_1k_persons,2024,5.778849,Single
UKE3,establishments_per_1k_persons,2024,0.27382782,Single
UKE4,establishments_per_1k_persons,2024,0.3312315,Single
UKF1,establishments_per_1k_persons,2024,1.0782937,Single
UKF2,establishments_per_1k_persons,2024,0.49771896,Single
UKF3,establishments_per_1k_persons,2024,2.2254176,Single
UKG1,establishments_per_1k_persons,2024,1.1064929,Single
UKG2,establishments_per_1k_persons,2024,0.75872314,Single
UKG3,establishments_per_1k_persons,2024,0.18450049,Single
UKH1,establishments_per_1k_persons,2024,1.4857308,Single
UKH2,establishments_per_1k_persons,2024,0.25353202,Single
UKH3,establishments_per_1k_persons,2024,0.3277683,Single
UKI1,establishments_per_1k_persons,2024,0.10579164,Single
UKI2,establishments_per_1k_persons,2024,0.10579164,Single
UKI3,establishments_per_1k_persons,2024,1.1034496,Single
UKI4,establishments_per_1k_persons,2024,0.35679236,Single
UKI5,establishments_per_1k_persons,2024,0.17081723,Single
UKI6,establishments_per_1k_persons,2024,0.23261651,Single
UKI7,establishments_per_1k_persons,2024,0.10261394,Single
UKJ1,establishments_per_1k_persons,2024,0.88735294,Single
UKJ2,establishments_per_1k_persons,2024,1.0703081,Single
UKJ3,establishments_per_1k_persons,2024,1.8113167,Single
UKJ4,establishments_per_1k_persons,2024,1.626955,Single
UKK1,establishments_per_1k_persons,2024,0.9877259,Single
UKK2,establishments_per_1k_persons,2024,4.048603,Single
UKK3,establishments_per_1k_persons,2024,12.414658,Single
UKK4,establishments_per_1k_persons,2024,5.5706363,Single
UKL1,establishments_per_1k_persons,2024,3.8195183,Single
UKL2,establishments_per_1k_persons,2024,4.877245,Single
UKM2,establishments_per_1k_persons,2024,0.10579164,Single
UKM3,establishments_per_1k_persons,2024,0.10579164,Single
UKM5,establishments_per_1k_persons,2024,0.60052663,Single
UKM6,establishments_per_1k_persons,2024,4.7771873,Single
UKN0,establishments_per_1k_persons,2024,1.293171,Single
ATZZ,establishments_per_km2,2024,0.003711278,Single
DKZZ,establishments_per_km2,2024,0.003711278,Single
ES64,establishments_per_km2,2024,0.86901104,Single
ESZZ,establishments_per_km2,2024,0.003711278,Single
FR21,establishments_per_km2,2024,0.017002806,Single
FR22,establishments_per_km2,2024,0.025830824,Single
FR23,establishments_per_km2,2024,0.035175513,Single
FR24,establishments_per_km2,2024,0.025129609,Single
FR25,establishments_per_km2,2024,0.046950687,Single
FR26,establishments_per_km2,2024,0.026317285,Single
FR3,establishments_per_km2,2024,0.05711619,Single
FR30,establishments_per_km2,2024,0.05711619,Single
FR41,establishments_per_km2,2024,0.027646767,Single
FR42,establishments_per_km2,2024,0.08760976,Single
FR43,establishments_per_km2,2024,0.034704443,Single
FR51,establishments_per_km2,2024,0.046274517,Single
FR52,establishments_per_km2,2024,0.07112137,Single
FR53,establishments_per_km2,2024,0.039609358,Single
FR61,establishments_per_km2,2024,0.053973474,Single
FR62,establishments_per_km2,2024,0.04328518,Single
FR63,establishments_per_km2,2024,0.028647738,Single
FR71,establishments_per_km2,2024,0.087489754,Single
FR72,establishments_per_km2,2024,0.03978081,Single
FR81,establishments_per_km2,2024,0.07595857,Single
FR82,establishments_per_km2,2024,0.112263,Single
FR83,establishments_per_km2,2024,0.08735435,Single
FRA1,establishments_per_km2,2024,0.034256823,Single
FRA2,establishments_per_km2,2024,0.054109983,Single
FRA3,establishments_per_km2,2024,0.003711278,Single
FRA4,establishments_per_km2,2024,0.03408764,Single
FRA5,establishments_per_km2,2024,0.025006756,Single
FRZZ,establishments_per_km2,2024,0.003711278,Single
HR04,establishments_per_km2,2024,0.17737056,Single
HU10,establishments_per_km2,2024,0.087486,Single
HUZZ,establishments_per_km2,2024,0.003711278,Single
IE01,establishments_per_km2,2024,0.034682617,Single
IE02,establishments_per_km2,2024,0.05335628,Single
IS00,establishments_per_km2,2024,0.012171288,Single
ITZZ,establishments_per_km2,2024,0.003711278,Single
LT00,establishments_per_km2,2024,0.04164596,Single
MTZZ,establishments_per_km2,2024,0.003711278,Single
NL31,establishments_per_km2,2024,0.22476473,Single
NL33,establishments_per_km2,2024,0.20182669,Single
NLZZ,establishments_per_km2,2024,0.003711278,Single
NO08,establishments_per_km2,2024,0.01580095,Single
NO09,establishments_per_km2,2024,0.013000905,Single
NOZZ,establishments_per_km2,2024,0.003711278,Single
PL11,establishments_per_km2,2024,0.020024475,Single
PL12,establishments_per_km2,2024,0.014579226,Single
PL31,establishments_per_km2,2024,0.017066468,Single
PL32,establishments_per_km2,2024,0.03534814,Single
PL33,establishments_per_km2,2024,0.025029946,Single
PL34,establishments_per_km2,2024,0.0146233095,Single
PLZZ,establishments_per_km2,2024,0.003711278,Single
PT16,establishments_per_km2,2024,0.058306266,Single
PT17,establishments_per_km2,2024,0.39559028,Single
PT18,establishments_per_km2,2024,0.030083124,Single
RS11,establishments_per_km2,2024,0.003711278,Single
RS12,establishments_per_km2,2024,0.003711278,Single
RS21,establishments_per_km2,2024,0.003711278,Single
RS22,establishments_per_km2,2024,0.003711278,Single
TR10,establishments_per_km2,2024,0.003711278,Single
TR33,establishments_per_km2,2024,0.003711278,Single
TR51,establishments_per_km2,2024,0.003711278,Single
TR52,establishments_per_km2,2024,0.003711278,Single
TR63,establishments_per_km2,2024,0.02009654,Single
TR72,establishments_per_km2,2024,0.003711278,Single
TR81,establishments_per_km2,2024,0.003711278,Single
TRA1,establishments_per_km2,2024,0.003711278,Single
TRA2,establishments_per_km2,2024,0.003711278,Single
TRB1,establishments_per_km2,2024,0.003711278,Single
TRB2,establishments_per_km2,2024,0.003711278,Single
TRC1,establishments_per_km2,2024,0.003711278,Single
TRC2,establishments_per_km2,2024,0.003711278,Single
TRC3,establishments_per_km2,2024,0.003711278,Single
UKC1,establishments_per_km2,2024,0.22080252,Single
UKC2,establishments_per_km2,2024,0.3771595,Single
UKD1,establishments_per_km2,2024,0.8026884,Single
UKD3,establishments_per_km2,2024,0.43098062,Single
UKD4,establishments_per_km2,2024,1.0522537,Single
UKD6,establishments_per_km2,2024,0.35156092,Single
UKD7,establishments_per_km2,2024,0.5386753,Single
UKE1,establishments_per_km2,2024,0.20190357,Single
UKE2,establishments_per_km2,2024,0.53079885,Single
UKE3,establishments_per_km2,2024,0.22169751,Single
UKE4,establishments_per_km2,2024,0.38013223,Single
UKF1,establishments_per_km2,2024,0.53883594,Single
UKF2,establishments_per_km2,2024,0.18515341,Single
UKF3,establishments_per_km2,2024,0.27183524,Single
UKG1,establishments_per_km2,2024,0.28313637,Single
UKG2,establishments_per_km2,2024,0.20190357,Single
UKG3,establishments_per_km2,2024,0.66331345,Single
UKH1,establishments_per_km2,2024,0.3509877,Single
UKH2,establishments_per_km2,2024,0.14988887,Single
UKH3,establishments_per_km2,2024,0.14846696,Single
UKI1,establishments_per_km2,2024,0.003711278,Single
UKI2,establishments_per_km2,2024,0.003711278,Single
UKI3,establishments_per_km2,2024,4.420944,Single
UKI4,establishments_per_km2,2024,4.420944,Single
UKI5,establishments_per_km2,2024,0.78286576,Single
UKI6,establishments_per_km2,2024,0.86649525,Single
UKI7,establishments_per_km2,2024,0.41821122,Single
UKJ1,establishments_per_km2,2024,0.38410214,Single
UKJ2,establishments_per_km2,2024,0.634412,Single
UKJ3,establishments_per_km2,2024,0.865142,Single
UKJ4,establishments_per_km2,2024,0.8010486,Single
UKK1,establishments_per_km2,2024,0.37709388,Single
UKK2,establishments_per_km2,2024,0.8026884,Single
UKK3,establishments_per_km2,2024,1.7728434,Single
UKK4,establishments_per_km2,2024,1.1121831,Single
UKL1,establishments_per_km2,2024,0.5307928,Single
UKL2,establishments_per_km2,2024,0.78725654,Single
UKM2,establishments_per_km2,2024,0.08096003,Single
UKM3,establishments_per_km2,2024,0.054223064,Single
UKM5,establishments_per_km2,2024,0.047167394,Single
UKM6,establishments_per_km2,2024,0.05353731,Single
UKN0,establishments_per_km2,2024,0.1833751,Single
ATZZ,nights_spent,2024,242860.52,Single
DKZZ,nights_spent,2024,242860.52,Single
ESZZ,nights_spent,2024,242860.52,Single
FR21,nights_spent,2024,3.7201805e+06,Single
FR22,nights_spent,2024,5.44606e+06,Single
FR23,nights_spent,2024,5.239565e+06,Single
FR24,nights_spent,2024,9.224171e+06,Single
FR25,nights_spent,2024,8.41493e+06,Single
FR26,nights_spent,2024,6.652579e+06,Single
FR3,nights_spent,2024,8.398205e+06,Single
FR30,nights_spent,2024,8.398205e+06,Single
FR41,nights_spent,2024,6.818314e+06,Single
FR42,nights_spent,2024,9.22085e+06,Single
FR43,nights_spent,2024,4.34527e+06,Single
FR51,nights_spent,2024,2.280064e+07,Single
FR52,nights_spent,2024,2.276726e+07,Single
FR53,nights_spent,2024,1.6312004e+07,Single
FR61,nights_spent,2024,3.4598816e+07,Single
FR62,nights_spent,2024,1.9972796e+07,Single
FR63,nights_spent,2024,2.7167568e+06,Single
FR71,nights_spent,2024,5.3009476e+07,Single
FR72,nights_spent,2024,6.623489e+06,Single
FR81,nights_spent,2024,3.5927292e+07,Single
FR82,nights_spent,2024,5.8034252e+07,Single
FR83,nights_spent,2024,1.027219e+07,Single
FRA1,nights_spent,2024,1.2687162e+06,Single
FRA2,nights_spent,2024,1.431334e+06,Single
FRA3,nights_spent,2024,319237.5,Single
FRA4,nights_spent,2024,1.139771e+06,Single
FRA5,nights_spent,2024,242860.52,Single
FRZZ,nights_spent,2024,242860.52,Single
HR04,nights_spent,2024,5.36422e+06,Single
HU10,nights_spent,2024,1.0932187e+07,Single
HUZZ,nights_spent,2024,242860.52,Single
IE01,nights_spent,2024,7.298223e+06,Single
IE02,nights_spent,2024,2.3979056e+07,Single
IS00,nights_spent,2024,9.272094e+06,Single
ITZZ,nights_spent,2024,242860.52,Single
LT00,nights_spent,2024,6.7826475e+06,Single
MTZZ,nights_spent,2024,242860.52,Single
NL31,nights_spent,2024,4.1364958e+06,Single
NL33,nights_spent,2024,1.5447697e+07,Single
NLZZ,nights_spent,2024,242860.52,Single
NOZZ,nights_spent,2024,242860.52,Single
PL11,nights_spent,2024,2.3276342e+06,Single
PL12,nights_spent,2024,7.9465135e+06,Single
PL31,nights_spent,2024,2.062349e+06,Single
PL32,nights_spent,2024,3.0490128e+06,Single
PL33,nights_spent,2024,1.7719986e+06,Single
PL34,nights_spent,2024,1.2505341e+06,Single
PLZZ,nights_spent,2024,242860.52,Single
PT16,nights_spent,2024,8.809974e+06,Single
PT17,nights_spent,2024,1.898e+07,Single
PT18,nights_spent,2024,4.1142745e+06,Single
UKC1,nights_spent,2024,3.0412205e+06,Single
UKC2,nights_spent,2024,8.629168e+06,Single
UKD1,nights_spent,2024,1.0513894e+07,Single
UKD3,nights_spent,2024,1.2337731e+07,Single
UKD4,nights_spent,2024,6.9760925e+06,Single
UKD6,nights_spent,2024,4.425757e+06,Single
UKD7,nights_spent,2024,6.013628e+06,Single
UKE1,nights_spent,2024,3.6749852e+06,Single
UKE2,nights_spent,2024,1.255731e+07,Single
UKE3,nights_spent,2024,4.826876e+06,Single
UKE4,nights_spent,2024,7.5524835e+06,Single
UKF1,nights_spent,2024,9.445663e+06,Single
UKF2,nights_spent,2024,6.7079025e+06,Single
UKF3,nights_spent,2024,5.498607e+06,Single
UKG1,nights_spent,2024,3.4288172e+06,Single
UKG2,nights_spent,2024,6.003737e+06,Single
UKG3,nights_spent,2024,1.6768143e+07,Single
UKH1,nights_spent,2024,2.005484e+07,Single
UKH2,nights_spent,2024,7.5095755e+06,Single
UKH3,nights_spent,2024,4.8852675e+06,Single
UKI1,nights_spent,2024,4.5836544e+07,Single
UKI2,nights_spent,2024,1.7693212e+07,Single
UKI3,nights_spent,2024,3.402411e+07,Single
UKI4,nights_spent,2024,3.4123828e+07,Single
UKI5,nights_spent,2024,2.496087e+07,Single
UKI6,nights_spent,2024,2.201304e+07,Single
UKI7,nights_spent,2024,1.9878852e+07,Single
UKJ1,nights_spent,2024,1.792802e+07,Single
UKJ2,nights_spent,2024,2.0867094e+07,Single
UKJ3,nights_spent,2024,1.1828986e+07,Single
UKJ4,nights_spent,2024,7.9151195e+06,Single
UKK1,nights_spent,2024,1.6137233e+07,Single
UKK2,nights_spent,2024,1.8947242e+07,Single
UKK3,nights_spent,2024,1.5455238e+07,Single
UKK4,nights_spent,2024,1.712898e+07,Single
UKL1,nights_spent,2024,2.0827886e+07,Single
UKL2,nights_spent,2024,7.785791e+06,Single
UKM2,nights_spent,2024,2.1813238e+07,Single
UKM3,nights_spent,2024,1.266364e+07,Single
UKM5,nights_spent,2024,4.3587715e+06,Single
UKM6,nights_spent,2024,9.201495e+06,Single
UKN0,nights_spent,2024,1.3429665e+07,Single
ATZZ,nights_spent_per_km2,2024,5.7479496,Single
DKZZ,nights_spent_per_km2,2024,5.7479496,Single
ESZZ,nights_spent_per_km2,2024,5.7479496,Single
FR21,nights_spent_per_km2,2024,164.22552,Single
FR22,nights_spent_per_km2,2024,266.9841,Single
FR23,nights_spent_per_km2,2024,390.8739,Single
FR24,nights_spent_per_km2,2024,257.00342,Single
FR25,nights_spent_per_km2,2024,517.4893,Single
FR26,nights_spent_per_km2,2024,216.97026,Single
FR3,nights_spent_per_km2,2024,721.4031,Single
FR30,nights_spent_per_km2,2024,721.4031,Single
FR41,nights_spent_per_km2,2024,293.3925,Single
FR42,nights_spent_per_km2,2024,1106.2368,Single
FR43,nights_spent_per_km2,2024,261.7008,Single
FR51,nights_spent_per_km2,2024,721.4055,Single
FR52,nights_spent_per_km2,2024,822.31683,Single
FR53,nights_spent_per_km2,2024,631.1349,Single
FR61,nights_spent_per_km2,2024,825.25433,Single
FR62,nights_spent_per_km2,2024,383.8709,Single
FR63,nights_spent_per_km2,2024,160.35097,Single
FR71,nights_spent_per_km2,2024,1101.8945,Single
FR72,nights_spent_per_km2,2024,269.69833,Single
FR81,nights_spent_per_km2,2024,1279.4835,Single
FR82,nights_spent_per_km2,2024,1759.7493,Single
FR83,nights_spent_per_km2,2024,1166.4384,Single
FRA1,nights_spent_per_km2,2024,720.5449,Single
FRA2,nights_spent_per_km2,2024,1093.9027,Single
FRA3,nights_spent_per_km2,2024,5.7479496,Single
FRA4,nights_spent_per_km2,2024,506.96176,Single
FRA5,nights_spent_per_km2,2024,223.79518,Single
FRZZ,nights_spent_per_km2,2024,5.7479496,Single
HR04,nights_spent_per_km2,2024,166.42926,Single
HU10,nights_spent_per_km2,2024,1579.1023,Single
HUZZ,nights_spent_per_km2,2024,5.7479496,Single
IE01,nights_spent_per_km2,2024,222.73083,Single
IE02,nights_spent_per_km2,2024,723.1417,Single
IS00,nights_spent_per_km2,2024,82.799355,Single
ITZZ,nights_spent_per_km2,2024,5.7479496,Single
LT00,nights_spent_per_km2,2024,122.01268,Single
MTZZ,nights_spent_per_km2,2024,5.7479496,Single
NL31,nights_spent_per_km2,2024,2762.1216,Single
NL33,nights_spent_per_km2,2024,4232.2,Single
NLZZ,nights_spent_per_km2,2024,5.7479496,Single
NO08,nights_spent_per_km2,2024,465.9028,Single
NO09,nights_spent_per_km2,2024,150.69406,Single
NOZZ,nights_spent_per_km2,2024,5.7479496,Single
PL11,nights_spent_per_km2,2024,136.85583,Single
PL12,nights_spent_per_km2,2024,227.94235,Single
PL31,nights_spent_per_km2,2024,89.852905,Single
PL32,nights_spent_per_km2,2024,184.40646,Single
PL33,nights_spent_per_km2,2024,145.73743,Single
PL34,nights_spent_per_km2,2024,65.98013,Single
PLZZ,nights_spent_per_km2,2024,5.7479496,Single
PT16,nights_spent_per_km2,2024,291.28207,Single
PT17,nights_spent_per_km2,2024,6745.2646,Single
PT18,nights_spent_per_km2,2024,139.6069,Single
RS11,nights_spent_per_km2,2024,5.7479496,Single
RS12,nights_spent_per_km2,2024,5.7479496,Single
RS21,nights_spent_per_km2,2024,5.7479496,Single
RS22,nights_spent_per_km2,2024,5.7479496,Single
UKC1,nights_spent_per_km2,2024,985.18164,Single
UKC2,nights_spent_per_km2,2024,1580.843,Single
UKD1,nights_spent_per_km2,2024,1424.2786,Single
UKD3,nights_spent_per_km2,2024,12519.785,Single
UKD4,nights_spent_per_km2,2024,2334.8564,Single
UKD6,nights_spent_per_km2,2024,2019.0864,Single
UKD7,nights_spent_per_km2,2024,8291.487,Single
UKE1,nights_spent_per_km2,2024,1119.0549,Single
UKE2,nights_spent_per_km2,2024,1685.2837,Single
UKE3,nights_spent_per_km2,2024,3032.358,Single
UKE4,nights_spent_per_km2,2024,3380.3325,Single
UKF1,nights_spent_per_km2,2024,2001.0947,Single
UKF2,nights_spent_per_km2,2024,1428.001,Single
UKF3,nights_spent_per_km2,2024,806.2347,Single
UKG1,nights_spent_per_km2,2024,628.1444,Single
UKG2,nights_spent_per_km2,2024,925.3236,Single
UKG3,nights_spent_per_km2,2024,22608.803,Single
UKH1,nights_spent_per_km2,2024,1365.366,Single
UKH2,nights_spent_per_km2,2024,2784.981,Single
UKH3,nights_spent_per_km2,2024,1165.5729,Single
UKI1,nights_spent_per_km2,2024,5.7479496,Single
UKI2,nights_spent_per_km2,2024,5.7479496,Single
UKI3,nights_spent_per_km2,2024,42509.3,Single
UKI4,nights_spent_per_km2,2024,42509.3,Single
UKI5,nights_spent_per_km2,2024,42509.3,Single
UKI6,nights_spent_per_km2,2024,42509.3,Single
UKI7,nights_spent_per_km2,2024,42509.3,Single
UKJ1,nights_spent_per_km2,2024,2810.205,Single
UKJ2,nights_spent_per_km2,2024,3885.6602,Single
UKJ3,nights_spent_per_km2,2024,2903.6138,Single
UKJ4,nights_spent_per_km2,2024,2337.3823,Single
UKK1,nights_spent_per_km2,2024,2108.2385,Single
UKK2,nights_spent_per_km2,2024,2590.9517,Single
UKK3,nights_spent_per_km2,2024,4069.3125,Single
UKK4,nights_spent_per_km2,2024,2450.433,Single
UKL1,nights_spent_per_km2,2024,1514.1064,Single
UKL2,nights_spent_per_km2,2024,980.411,Single
UKM2,nights_spent_per_km2,2024,1103.2021,Single
UKM3,nights_spent_per_km2,2024,922.0846,Single
UKM5,nights_spent_per_km2,2024,664.1493,Single
UKM6,nights_spent_per_km2,2024,228.27902,Single
UKN0,nights_spent_per_km2,2024,981.43225,Single
AL01,nights_spent_per_person,2024,1.9523021,Multi
AL02,nights_spent_per_person,2024,1.57667,Multi
AL03,nights_spent_per_person,2024,2.7233477,Multi
ATZZ,nights_spent_per_person,2024,0.55137014,Multi
DKZZ,nights_spent_per_person,2024,0.55137014,Multi
ESZZ,nights_spent_per_person,2024,0.55137014,Multi
FR21,nights_spent_per_person,2024,0.5529257,Multi
FR22,nights_spent_per_person,2024,0.5852721,Multi
FR23,nights_spent_per_person,2024,0.5848204,Multi
FR24,nights_spent_per_person,2024,0.6359174,Multi
FR25,nights_spent_per_person,2024,0.6053177,Multi
FR26,nights_spent_per_person,2024,0.5937637,Multi
FR3,nights_spent_per_person,2024,0.59376943,Multi
FR30,nights_spent_per_person,2024,0.59376943,Multi
FR41,nights_spent_per_person,2024,0.5927352,Multi
FR42,nights_spent_per_person,2024,0.5843278,Multi
FR43,nights_spent_per_person,2024,0.5576507,Multi
FR51,nights_spent_per_person,2024,0.6899533,Multi
FR52,nights_spent_per_person,2024,0.6895379,Multi
FR53,nights_spent_per_person,2024,0.6127517,Multi
FR61,nights_spent_per_person,2024,0.54582214,Multi
FR62,nights_spent_per_person,2024,0.627887,Multi
FR63,nights_spent_per_person,2024,0.5681534,Multi
FR71,nights_spent_per_person,2024,0.57595694,Multi
FR72,nights_spent_per_person,2024,0.60516846,Multi
FR81,nights_spent_per_person,2024,0.5235406,Multi
FR82,nights_spent_per_person,2024,0.5778339,Multi
FR83,nights_spent_per_person,2024,0.5460428,Multi
FRA1,nights_spent_per_person,2024,0.5259479,Multi
FRA2,nights_spent_per_person,2024,0.5201527,Multi
FRA3,nights_spent_per_person,2024,0.5511519,Multi
FRA4,nights_spent_per_person,2024,0.52586234,Multi
FRA5,nights_spent_per_person,2024,0.53101325,Multi
FRZZ,nights_spent_per_person,2024,0.55137014,Multi
HR04,nights_spent_per_person,2024,1.8270978,Multi
HU10,nights_spent_per_person,2024,0.56861913,Multi
HUZZ,nights_spent_per_person,2024,0.55137014,Multi
IE01,nights_spent_per_person,2024,0.5799427,Multi
IE02,nights_spent_per_person,2024,0.5518465,Multi
IS00,nights_spent_per_person,2024,29.317602,Multi
ITZZ,nights_spent_per_person,2024,0.55137014,Multi
LT00,nights_spent_per_person,2024,0.5905378,Multi
MTZZ,nights_spent_per_person,2024,0.55137014,Multi
NL31,nights_spent_per_person,2024,2.895476,Multi
NL33,nights_spent_per_person,2024,3.858607,Multi
NLZZ,nights_spent_per_person,2024,0.55137014,Multi
NO0B,nights_spent_per_person,2024,0.55137014,Multi
NOZZ,nights_spent_per_person,2024,0.5532789,Multi
PL11,nights_spent_per_person,2024,0.5566845,Multi
PL12,nights_spent_per_person,2024,0.62544143,Multi
PL31,nights_spent_per_person,2024,0.55532384,Multi
PL32,nights_spent_per_person,2024,0.5453634,Multi
PL33,nights_spent_per_person,2024,0.5290208,Multi
PL34,nights_spent_per_person,2024,0.5553863,Multi
PLZZ,nights_spent_per_person,2024,0.55137014,Multi
PT16,nights_spent_per_person,2024,3.80444,Multi
PT17,nights_spent_per_person,2024,7.8569326,Multi
PT18,nights_spent_per_person,2024,6.233763,Multi
UKC1,nights_spent_per_person,2024,2.6322265,Multi
UKC2,nights_spent_per_person,2024,5.840136,Multi
UKD1,nights_spent_per_person,2024,18.72713,Multi
UKD3,nights_spent_per_person,2024,5.5368557,Multi
UKD4,nights_spent_per_person,2024,5.4220657,Multi
UKD6,nights_spent_per_person,2024,4.7085567,Multi
UKD7,nights_spent_per_person,2024,4.869839,Multi
UKE1,nights_spent_per_person,2024,4.3912907,Multi
UKE2,nights_spent_per_person,2024,16.776186,Multi
UKE3,nights_spent_per_person,2024,3.328188,Multi
UKE4,nights_spent_per_person,2024,3.1403913,Multi
UKF1,nights_spent_per_person,2024,4.351469,Multi
UKF2,nights_spent_per_person,2024,3.6954124,Multi
UKF3,nights_spent_per_person,2024,6.9746943,Multi
UKG1,nights_spent_per_person,2024,2.7129712,Multi
UKG2,nights_spent_per_person,2024,3.463394,Multi
UKG3,nights_spent_per_person,2024,5.825474,Multi
UKH1,nights_spent_per_person,2024,6.8798866,Multi
UKH2,nights_spent_per_person,2024,4.549698,Multi
UKH3,nights_spent_per_person,2024,2.6460662,Multi
UKI1,nights_spent_per_person,2024,0.61603653,Multi
UKI2,nights_spent_per_person,2024,0.57440567,Multi
UKI3,nights_spent_per_person,2024,31.87098,Multi
UKI4,nights_spent_per_person,2024,14.542731,Multi
UKI5,nights_spent_per_person,2024,13.279488,Multi
UKI6,nights_spent_per_person,2024,15.095523,Multi
UKI7,nights_spent_per_person,2024,9.086552,Multi
UKJ1,nights_spent_per_person,2024,6.805828,Multi
UKJ2,nights_spent_per_person,2024,7.26871,Multi
UKJ3,nights_spent_per_person,2024,6.7650337,Multi
UKJ4,nights_spent_per_person,2024,4.5976443,Multi
UKK1,nights_spent_per_person,2024,6.0276194,Multi
UKK2,nights_spent_per_person,2024,13.1132765,Multi
UKK3,nights_spent_per_person,2024,34.549274,Multi
UKK4,nights_spent_per_person,2024,13.402625,Multi
UKL1,nights_spent_per_person,2024,10.117535,Multi
UKL2,nights_spent_per_person,2024,6.6766033,Multi
UKM2,nights_spent_per_person,2024,0.55806804,Multi
UKM3,nights_spent_per_person,2024,0.5603392,Multi
UKM5,nights_spent_per_person,2024,8.615361,Multi
UKM6,nights_spent_per_person,2024,15.823054,Multi
UKN0,nights_spent_per_person,2024,7.105645,Multi
AL01,short_stay,2024,99490.51,Multi
AL02,short_stay,2024,106758.56,Multi
AL03,short_stay,2024,116226.914,Multi
ATZZ,short_stay,2024,53855.87,Multi
DKZZ,short_stay,2024,53855.87,Multi
ESZZ,short_stay,2024,53855.87,Multi
FR21,short_stay,2024,129754.61,Multi
FR22,short_stay,2024,124548.234,Multi
FR23,short_stay,2024,128878.87,Multi
FR24,short_stay,2024,221676.67,Multi
FR25,short_stay,2024,208890.89,Multi
FR26,short_stay,2024,236226.36,Multi
FR3,short_stay,2024,213952.22,Multi
FR30,short_stay,2024,213952.22,Multi
FR41,short_stay,2024,177678.27,Multi
FR42,short_stay,2024,197439.14,Multi
FR43,short_stay,2024,133725.73,Multi
FR51,short_stay,2024,176561.03,Multi
FR52,short_stay,2024,133925.6,Multi
FR53,short_stay,2024,215082.05,Multi
FR61,short_stay,2024,79823.35,Multi
FR62,short_stay,2024,204305.02,Multi
FR63,short_stay,2024,132638.53,Multi
FR71,short_stay,2024,191.04404,Multi
FR72,short_stay,2024,219378.03,Multi
FR81,short_stay,2024,78911.41,Multi
FR82,short_stay,2024,0.0,Multi
FR83,short_stay,2024,101544.336,Multi
FRA1,short_stay,2024,63802.715,Multi
FRA2,short_stay,2024,73206.1,Multi
FRA3,short_stay,2024,58775.973,Multi
FRA4,short_stay,2024,88971.83,Multi
FRA5,short_stay,2024,41190.92,Multi
FRZZ,short_stay,2024,53855.87,Multi
HR04,short_stay,2024,121790.234,Multi
HU10,short_stay,2024,166293.39,Multi
HUZZ,short_stay,2024,53855.87,Multi
IE01,short_stay,2024,182704.02,Multi
IE02,short_stay,2024,204968.55,Multi
ITZZ,short_stay,2024,53855.87,Multi
LT00,short_stay,2024,179261.78,Multi
ME00,short_stay,2024,123035.44,Multi
MK00,short_stay,2024,126368.14,Multi
MTZZ,short_stay,2024,53855.87,Multi
NLZZ,short_stay,2024,53855.87,Multi
NO0B,short_stay,2024,53855.87,Multi
NOZZ,short_stay,2024,60429.3,Multi
PL11,short_stay,2024,128576.29,Multi
PL12,short_stay,2024,175117.95,Multi
PL31,short_stay,2024,125659.63,Multi
PL32,short_stay,2024,119599.42,Multi
PL33,short_stay,2024,106303.766,Multi
PL34,short_stay,2024,110278.19,Multi
PLZZ,short_stay,2024,53855.87,Multi
RS11,short_stay,2024,98283.35,Multi
RS12,short_stay,2024,98784.7,Multi
RS21,short_stay,2024,180843.42,Multi
RS22,short_stay,2024,152240.89,Multi
TR10,short_stay,2024,168060.47,Multi
TR21,short_stay,2024,128855.57,Multi
TR22,short_stay,2024,174903.0,Multi
TR31,short_stay,2024,180876.55,Multi
TR32,short_stay,2024,155657.72,Multi
TR33,short_stay,2024,122129.83,Multi
TR41,short_stay,2024,135022.6,Multi
TR42,short_stay,2024,138395.25,Multi
TR51,short_stay,2024,131523.12,Multi
TR52,short_stay,2024,127569.875,Multi
TR61,short_stay,2024,0.0,Multi
TR62,short_stay,2024,131834.62,Multi
TR63,short_stay,2024,131022.836,Multi
TR71,short_stay,2024,124306.14,Multi
TR72,short_stay,2024,123270.414,Multi
TR81,short_stay,2024,115896.15,Multi
TR82,short_stay,2024,106210.97,Multi
TR83,short_stay,2024,134180.97,Multi
TR90,short_stay,2024,128066.34,Multi
TRA1,short_stay,2024,120652.164,Multi
TRA2,short_stay,2024,102585.45,Multi
TRB1,short_stay,2024,124855.055,Multi
TRB2,short_stay,2024,124722.086,Multi
TRC1,short_stay,2024,120141.72,Multi
TRC2,short_stay,2024,126470.72,Multi
TRC3,short_stay,2024,121078.305,Multi
UKC1,short_stay,2024,124914.82,Multi
UKC2,short_stay,2024,172772.4,Multi
UKD1,short_stay,2024,212269.55,Multi
UKD3,short_stay,2024,150257.8,Multi
UKD4,short_stay,2024,174304.7,Multi
UKD6,short_stay,2024,152099.53,Multi
UKD7,short_stay,2024,105461.81,Multi
UKE1,short_stay,2024,133301.38,Multi
UKE2,short_stay,2024,250279.95,Multi
UKE3,short_stay,2024,126427.44,Multi
UKE4,short_stay,2024,152380.78,Multi
UKF1,short_stay,2024,167004.31,Multi
UKF2,short_stay,2024,165135.1,Multi
UKF3,short_stay,2024,187114.94,Multi
UKG1,short_stay,2024,187628.77,Multi
UKG2,short_stay,2024,181432.05,Multi
UKG3,short_stay,2024,132320.78,Multi
UKH1,short_stay,2024,210137.3,Multi
UKH2,short_stay,2024,140929.38,Multi
UKH3,short_stay,2024,135336.52,Multi
UKI1,short_stay,2024,191970.2,Multi
UKI2,short_stay,2024,194496.84,Multi
UKI3,short_stay,2024,159461.31,Multi
UKI4,short_stay,2024,162675.84,Multi
UKI5,short_stay,2024,138162.6,Multi
UKI6,short_stay,2024,140626.3,Multi
UKI7,short_stay,2024,69256.84,Multi
UKJ1,short_stay,2024,215176.67,Multi
UKJ2,short_stay,2024,224192.77,Multi
UKJ3,short_stay,2024,200707.05,Multi
UKJ4,short_stay,2024,182784.4,Multi
UKK1,short_stay,2024,189620.34,Multi
UKK2,short_stay,2024,225275.34,Multi
UKK3,short_stay,2024,165163.36,Multi
UKK4,short_stay,2024,250952.64,Multi
UKL1,short_stay,2024,95651.92,Multi
UKL2,short_stay,2024,180843.84,Multi
UKM2,short_stay,2024,224275.78,Multi
UKM3,short_stay,2024,203884.03,Multi
UKM5,short_stay,2024,115668.85,Multi
UKM6,short_stay,2024,230191.33,Multi
UKN0,short_stay,2024,156643.92,Multi
AL01,short_stay_per_km2,2024,2.3595169,Single
AL02,short_stay_per_km2,2024,2.3595169,Single
AL03,short_stay_per_km2,2024,2.3595169,Single
ATZZ,short_stay_per_km2,2024,2.3595169,Single
DKZZ,short_stay_per_km2,2024,2.3595169,Single
ESZZ,short_stay_per_km2,2024,2.3595169,Single
FR21,short_stay_per_km2,2024,2.3595169,Single
FR22,short_stay_per_km2,2024,2.3595169,Single
FR23,short_stay_per_km2,2024,2.3595169,Single
FR24,short_stay_per_km2,2024,2.3595169,Single
FR25,short_stay_per_km2,2024,2.3595169,Single
FR26,short_stay_per_km2,2024,2.3595169,Single
FR3,short_stay_per_km2,2024,2.3595169,Single
FR30,short_stay_per_km2,2024,2.3595169,Single
FR41,short_stay_per_km2,2024,2.3595169,Single
FR42,short_stay_per_km2,2024,2.3595169,Single
FR43,short_stay_per_km2,2024,2.3595169,Single
FR51,short_stay_per_km2,2024,2.3595169,Single
FR52,short_stay_per_km2,2024,2.3595169,Single
FR53,short_stay_per_km2,2024,2.3595169,Single
FR61,short_stay_per_km2,2024,2.3595169,Single
FR62,short_stay_per_km2,2024,2.3595169,Single
FR63,short_stay_per_km2,2024,2.3595169,Single
FR71,short_stay_per_km2,2024,2.3595169,Single
FR72,short_stay_per_km2,2024,2.3595169,Single
FR81,short_stay_per_km2,2024,2.3595169,Single
FR82,short_stay_per_km2,2024,2.3595169,Single
FR83,short_stay_per_km2,2024,2.3595169,Single
FRA1,short_stay_per_km2,2024,2.3595169,Single
FRA2,short_stay_per_km2,2024,2.3595169,Single
FRA3,short_stay_per_km2,2024,2.3595169,Single
FRA4,short_stay_per_km2,2024,2.3595169,Single
FRA5,short_stay_per_km2,2024,2.3595169,Single
FRZZ,short_stay_per_km2,2024,2.3595169,Single
HR04,short_stay_per_km2,2024,2.3595169,Single
HU10,short_stay_per_km2,2024,2.3595169,Single
HUZZ,short_stay_per_km2,2024,2.3595169,Single
IE01,short_stay_per_km2,2024,2.3595169,Single
IE02,short_stay_per_km2,2024,2.3595169,Single
ITZZ,short_stay_per_km2,2024,2.3595169,Single
LT00,short_stay_per_km2,2024,2.3595169,Single
ME00,short_stay_per_km2,2024,2.3595169,Single
MK00,short_stay_per_km2,2024,2.3595169,Single
MTZZ,short_stay_per_km2,2024,2.3595169,Single
NL31,short_stay_per_km2,2024,354.91907,Single
NL33,short_stay_per_km2,2024,687.6244,Single
NLZZ,short_stay_per_km2,2024,2.3595169,Single
NO08,short_stay_per_km2,2024,79.452324,Single
NO09,short_stay_per_km2,2024,27.642248,Single
NO0B,short_stay_per_km2,2024,2.3595169,Single
NOZZ,short_stay_per_km2,2024,2.3595169,Single
PL11,short_stay_per_km2,2024,2.3595169,Single
PL12,short_stay_per_km2,2024,2.3595169,Single
PL31,short_stay_per_km2,2024,2.3595169,Single
PL32,short_stay_per_km2,2024,2.3595169,Single
PL33,short_stay_per_km2,2024,2.3595169,Single
PL34,short_stay_per_km2,2024,2.3595169,Single
PLZZ,short_stay_per_km2,2024,2.3595169,Single
PT16,short_stay_per_km2,2024,116.0379,Single
PT17,short_stay_per_km2,2024,5423.552,Single
PT18,short_stay_per_km2,2024,34.895073,Single
RS11,short_stay_per_km2,2024,2.3595169,Single
RS12,short_stay_per_km2,2024,2.3595169,Single
RS21,short_stay_per_km2,2024,2.3595169,Single
RS22,short_stay_per_km2,2024,2.3595169,Single
TR10,short_stay_per_km2,2024,2.3595169,Single
TR21,short_stay_per_km2,2024,2.3595169,Single
TR22,short_stay_per_km2,2024,2.3595169,Single
TR31,short_stay_per_km2,2024,2.3595169,Single
TR32,short_stay_per_km2,2024,2.3595169,Single
TR33,short_stay_per_km2,2024,2.3595169,Single
TR41,short_stay_per_km2,2024,2.3595169,Single
TR42,short_stay_per_km2,2024,2.3595169,Single
TR51,short_stay_per_km2,2024,2.3595169,Single
TR52,short_stay_per_km2,2024,2.3595169,Single
TR61,short_stay_per_km2,2024,2.3595169,Single
TR62,short_stay_per_km2,2024,2.3595169,Single
TR63,short_stay_per_km2,2024,2.3595169,Single
TR71,short_stay_per_km2,2024,2.3595169,Single
TR72,short_stay_per_km2,2024,2.3595169,Single
TR81,short_stay_per_km2,2024,2.3595169,Single
TR82,short_stay_per_km2,2024,2.3595169,Single
TR83,short_stay_per_km2,2024,2.3595169,Single
TR90,short_stay_per_km2,2024,2.3595169,Single
TRA1,short_stay_per_km2,2024,2.3595169,Single
TRA2,short_stay_per_km2,2024,2.3595169,Single
TRB1,short_stay_per_km2,2024,2.3595169,Single
TRB2,short_stay_per_km2,2024,2.3595169,Single
TRC1,short_stay_per_km2,2024,2.3595169,Single
TRC2,short_stay_per_km2,2024,2.3595169,Single
TRC3,short_stay_per_km2,2024,2.3595169,Single
UKC1,short_stay_per_km2,2024,2.3595169,Single
UKC2,short_stay_per_km2,2024,2.3595169,Single
UKD1,short_stay_per_km2,2024,2.3595169,Single
UKD3,short_stay_per_km2,2024,2.3595169,Single
UKD4,short_stay_per_km2,2024,2.3595169,Single
UKD6,short_stay_per_km2,2024,2.3595169,Single
UKD7,short_stay_per_km2,2024,2.3595169,Single
UKE1,short_stay_per_km2,2024,2.3595169,Single
UKE2,short_stay_per_km2,2024,2.3595169,Single
UKE3,short_stay_per_km2,2024,2.3595169,Single
UKE4,short_stay_per_km2,2024,2.3595169,Single
UKF1,short_stay_per_km2,2024,2.3595169,Single
UKF2,short_stay_per_km2,2024,2.3595169,Single
UKF3,short_stay_per_km2,2024,2.3595169,Single
UKG1,short_stay_per_km2,2024,2.3595169,Single
UKG2,short_stay_per_km2,2024,2.3595169,Single
UKG3,short_stay_per_km2,2024,2.3595169,Single
UKH1,short_stay_per_km2,2024,2.3595169,Single
UKH2,short_stay_per_km2,2024,2.3595169,Single
UKH3,short_stay_per_km2,2024,2.3595169,Single
UKI1,short_stay_per_km2,2024,2.3595169,Single
UKI2,short_stay_per_km2,2024,2.3595169,Single
UKI3,short_stay_per_km2,2024,2.3595169,Single
UKI4,short_stay_per_km2,2024,2.3595169,Single
UKI5,short_stay_per_km2,2024,2.3595169,Single
UKI6,short_stay_per_km2,2024,2.3595169,Single
UKI7,short_stay_per_km2,2024,2.3595169,Single
UKJ1,short_stay_per_km2,2024,2.3595169,Single
UKJ2,short_stay_per_km2,2024,2.3595169,Single
UKJ3,short_stay_per_km2,2024,2.3595169,Single
UKJ4,short_stay_per_km2,2024,2.3595169,Single
UKK1,short_stay_per_km2,2024,2.3595169,Single
UKK2,short_stay_per_km2,2024,2.3595169,Single
UKK3,short_stay_per_km2,2024,2.3595169,Single
UKK4,short_stay_per_km2,2024,2.3595169,Single
UKL1,short_stay_per_km2,2024,2.3595169,Single
UKL2,short_stay_per_km2,2024,2.3595169,Single
UKM2,short_stay_per_km2,2024,2.3595169,Single
UKM3,short_stay_per_km2,2024,2.3595169,Single
UKM5,short_stay_per_km2,2024,2.3595169,Single
UKM6,short_stay_per_km2,2024,2.3595169,Single
UKN0,short_stay_per_km2,2024,2.3595169,Single
AL01,short_stay_per_person,2024,0.09639034,Single
AL02,short_stay_per_person,2024,0.09639034,Single
AL03,short_stay_per_person,2024,0.09639034,Single
ATZZ,short_stay_per_person,2024,0.09639034,Single
DKZZ,short_stay_per_person,2024,0.09639034,Single
ESZZ,short_stay_per_person,2024,0.09639034,Single
FR21,short_stay_per_person,2024,0.09639034,Single
FR22,short_stay_per_person,2024,0.09639034,Single
FR23,short_stay_per_person,2024,0.09639034,Single
FR24,short_stay_per_person,2024,0.09639034,Single
FR25,short_stay_per_person,2024,0.09639034,Single
FR26,short_stay_per_person,2024,0.09639034,Single
FR3,short_stay_per_person,2024,0.09639034,Single
FR30,short_stay_per_person,2024,0.09639034,Single
FR41,short_stay_per_person,2024,0.09639034,Single
FR42,short_stay_per_person,2024,0.09639034,Single
FR43,short_stay_per_person,2024,0.09639034,Single
FR51,short_stay_per_person,2024,0.09639034,Single
FR52,short_stay_per_person,2024,0.09639034,Single
FR53,short_stay_per_person,2024,0.09639034,Single
FR61,short_stay_per_person,2024,0.09639034,Single
FR62,short_stay_per_person,2024,0.09639034,Single
FR63,short_stay_per_person,2024,0.09639034,Single
FR71,short_stay_per_person,2024,0.09639034,Single
FR72,short_stay_per_person,2024,0.09639034,Single
FR81,short_stay_per_person,2024,0.09639034,Single
FR82,short_stay_per_person,2024,0.09639034,Single
FR83,short_stay_per_person,2024,0.09639034,Single
FRA1,short_stay_per_person,2024,0.09639034,Single
FRA2,short_stay_per_person,2024,0.09639034,Single
FRA3,short_stay_per_person,2024,0.09639034,Single
FRA4,short_stay_per_person,2024,0.09639034,Single
FRA5,short_stay_per_person,2024,0.09639034,Single
FRZZ,short_stay_per_person,2024,0.09639034,Single
HR04,short_stay_per_person,2024,0.09639034,Single
HU10,short_stay_per_person,2024,0.09639034,Single
HUZZ,short_stay_per_person,2024,0.09639034,Single
IE01,short_stay_per_person,2024,0.09639034,Single
IE02,short_stay_per_person,2024,0.09639034,Single
ITZZ,short_stay_per_person,2024,0.09639034,Single
LT00,short_stay_per_person,2024,0.09639034,Single
ME00,short_stay_per_person,2024,0.09639034,Single
MK00,short_stay_per_person,2024,0.09639034,Single
MTZZ,short_stay_per_person,2024,0.09639034,Single
NL31,short_stay_per_person,2024,0.34192187,Single
NL33,short_stay_per_person,2024,0.40985274,Single
NLZZ,short_stay_per_person,2024,0.09639034,Single
NO0B,short_stay_per_person,2024,0.09639034,Single
NOZZ,short_stay_per_person,2024,0.09639034,Single
PL11,short_stay_per_person,2024,0.09639034,Single
PL12,short_stay_per_person,2024,0.09639034,Single
PL31,short_stay_per_person,2024,0.09639034,Single
PL32,short_stay_per_person,2024,0.09639034,Single
PL33,short_stay_per_person,2024,0.09639034,Single
PL34,short_stay_per_person,2024,0.09639034,Single
PLZZ,short_stay_per_person,2024,0.09639034,Single
PT16,short_stay_per_person,2024,1.6866579,Single
PT17,short_stay_per_person,2024,6.1472077,Single
PT18,short_stay_per_person,2024,1.6747539,Single
RS11,short_stay_per_person,2024,0.09639034,Single
RS12,short_stay_per_person,2024,0.09639034,Single
RS21,short_stay_per_person,2024,0.09639034,Single
RS22,short_stay_per_person,2024,0.09639034,Single
TR10,short_stay_per_person,2024,0.09639034,Single
TR21,short_stay_per_person,2024,0.09639034,Single
TR22,short_stay_per_person,2024,0.09639034,Single
TR31,short_stay_per_person,2024,0.09639034,Single
TR32,short_stay_per_person,2024,0.09639034,Single
TR33,short_stay_per_person,2024,0.09639034,Single
TR41,short_stay_per_person,2024,0.09639034,Single
TR42,short_stay_per_person,2024,0.09639034,Single
TR51,short_stay_per_person,2024,0.09639034,Single
TR52,short_stay_per_person,2024,0.09639034,Single
TR61,short_stay_per_person,2024,0.09639034,Single
TR62,short_stay_per_person,2024,0.09639034,Single
TR63,short_stay_per_person,2024,0.09639034,Single
TR71,short_stay_per_person,2024,0.09639034,Single
TR72,short_stay_per_person,2024,0.09639034,Single
TR81,short_stay_per_person,2024,0.09639034,Single
TR82,short_stay_per_person,2024,0.09639034,Single
TR83,short_stay_per_person,2024,0.09639034,Single
TR90,short_stay_per_person,2024,0.09639034,Single
TRA1,short_stay_per_person,2024,0.09639034,Single
TRA2,short_stay_per_person,2024,0.09639034,Single
TRB1,short_stay_per_person,2024,0.09639034,Single
TRB2,short_stay_per_person,2024,0.09639034,Single
TRC1,short_stay_per_person,2024,0.09639034,Single
TRC2,short_stay_per_person,2024,0.09639034,Single
TRC3,short_stay_per_person,2024,0.09639034,Single
UKC1,short_stay_per_person,2024,0.09639034,Single
UKC2,short_stay_per_person,2024,0.09639034,Single
UKD1,short_stay_per_person,2024,0.09639034,Single
UKD3,short_stay_per_person,2024,0.09639034,Single
UKD4,short_stay_per_person,2024,0.09639034,Single
UKD6,short_stay_per_person,2024,0.09639034,Single
UKD7,short_stay_per_person,2024,0.09639034,Single
UKE1,short_stay_per_person,2024,0.09639034,Single
UKE2,short_stay_per_person,2024,0.09639034,Single
UKE3,short_stay_per_person,2024,0.09639034,Single
UKE4,short_stay_per_person,2024,0.09639034,Single
UKF1,short_stay_per_person,2024,0.09639034,Single
UKF2,short_stay_per_person,2024,0.09639034,Single
UKF3,short_stay_per_person,2024,0.09639034,Single
UKG1,short_stay_per_person,2024,0.09639034,Single
UKG2,short_stay_per_person,2024,0.09639034,Single
UKG3,short_stay_per_person,2024,0.09639034,Single
UKH1,short_stay_per_person,2024,0.09639034,Single
UKH2,short_stay_per_person,2024,0.09639034,Single
UKH3,short_stay_per_person,2024,0.09639034,Single
UKI1,short_stay_per_person,2024,0.09639034,Single
UKI2,short_stay_per_person,2024,0.09639034,Single
UKI3,short_stay_per_person,2024,0.09639034,Single
UKI4,short_stay_per_person,2024,0.09639034,Single
UKI5,short_stay_per_person,2024,0.09639034,Single
UKI6,short_stay_per_person,2024,0.09639034,Single
UKI7,short_stay_per_person,2024,0.09639034,Single
UKJ1,short_stay_per_person,2024,0.09639034,Single
UKJ2,short_stay_per_person,2024,0.09639034,Single
UKJ3,short_stay_per_person,2024,0.09639034,Single
UKJ4,short_stay_per_person,2024,0.09639034,Single
UKK1,short_stay_per_person,2024,0.09639034,Single
UKK2,short_stay_per_person,2024,0.09639034,Single
UKK3,short_stay_per_person,2024,0.09639034,Single
UKK4,short_stay_per_person,2024,0.09639034,Single
UKL1,short_stay_per_person,2024,0.09639034,Single
UKL2,short_stay_per_person,2024,0.09639034,Single
UKM2,short_stay_per_person,2024,0.09639034,Single
UKM3,short_stay_per_person,2024,0.09639034,Single
UKM5,short_stay_per_person,2024,0.09639034,Single
UKM6,short_stay_per_person,2024,0.09639034,Single
UKN0,short_stay_per_person,2024,0.09639034,Single
